# ************************************************************
# Sequel Pro SQL dump
# Version 4541
#
# http://www.sequelpro.com/
# https://github.com/sequelpro/sequelpro
#
# Host: 127.0.0.1 (MySQL 5.5.5-10.1.38-MariaDB)
# Database: bb_simkorpri
# Generation Time: 2023-09-16 09:54:13 +0000
# ************************************************************


/*!40101 SET @OLD_CHARACTER_SET_CLIENT=@@CHARACTER_SET_CLIENT */;
/*!40101 SET @OLD_CHARACTER_SET_RESULTS=@@CHARACTER_SET_RESULTS */;
/*!40101 SET @OLD_COLLATION_CONNECTION=@@COLLATION_CONNECTION */;
/*!40101 SET NAMES utf8 */;
/*!40014 SET @OLD_FOREIGN_KEY_CHECKS=@@FOREIGN_KEY_CHECKS, FOREIGN_KEY_CHECKS=0 */;
/*!40101 SET @OLD_SQL_MODE=@@SQL_MODE, SQL_MODE='NO_AUTO_VALUE_ON_ZERO' */;
/*!40111 SET @OLD_SQL_NOTES=@@SQL_NOTES, SQL_NOTES=0 */;


# Dump of table _homepage
# ------------------------------------------------------------

DROP TABLE IF EXISTS `_homepage`;

CREATE TABLE `_homepage` (
  `Uniq` bigint(10) unsigned NOT NULL AUTO_INCREMENT,
  `ContentID` varchar(20) DEFAULT NULL,
  `ContentTitle` varchar(200) DEFAULT NULL,
  `ContentType` varchar(50) NOT NULL,
  `ContentDesc1` text,
  `ContentDesc2` text,
  `ContentDesc3` text,
  `ContentDesc4` text,
  PRIMARY KEY (`Uniq`)
) ENGINE=InnoDB DEFAULT CHARSET=latin1;



# Dump of table _logs
# ------------------------------------------------------------

DROP TABLE IF EXISTS `_logs`;

CREATE TABLE `_logs` (
  `Uniq` bigint(20) unsigned NOT NULL AUTO_INCREMENT,
  `Timestamp` datetime DEFAULT NULL,
  `URL` text,
  `ClientInfo` text,
  PRIMARY KEY (`Uniq`)
) ENGINE=InnoDB DEFAULT CHARSET=latin1;



# Dump of table _postcategories
# ------------------------------------------------------------

DROP TABLE IF EXISTS `_postcategories`;

CREATE TABLE `_postcategories` (
  `PostCategoryID` int(10) unsigned NOT NULL,
  `PostCategoryName` varchar(50) NOT NULL,
  `PostCategoryLabel` varchar(50) DEFAULT NULL,
  `IsShowEditor` tinyint(1) NOT NULL DEFAULT '1',
  `IsAllowExternalURL` tinyint(1) NOT NULL DEFAULT '0',
  `IsDocumentOnly` tinyint(1) NOT NULL DEFAULT '0'
) ENGINE=InnoDB DEFAULT CHARSET=latin1 ROW_FORMAT=DYNAMIC;

LOCK TABLES `_postcategories` WRITE;
/*!40000 ALTER TABLE `_postcategories` DISABLE KEYS */;

INSERT INTO `_postcategories` (`PostCategoryID`, `PostCategoryName`, `PostCategoryLabel`, `IsShowEditor`, `IsAllowExternalURL`, `IsDocumentOnly`)
VALUES
	(1,'Berita','#f56954',1,0,0),
	(2,'Infografis','#00a65a',0,0,0),
	(3,'Dokumen','#f39c12',0,0,1),
	(5,'Lainnya','#3c8dbc',1,0,0);

/*!40000 ALTER TABLE `_postcategories` ENABLE KEYS */;
UNLOCK TABLES;


# Dump of table _postimages
# ------------------------------------------------------------

DROP TABLE IF EXISTS `_postimages`;

CREATE TABLE `_postimages` (
  `PostImageID` bigint(20) NOT NULL AUTO_INCREMENT,
  `PostID` bigint(20) NOT NULL,
  `ImgPath` text NOT NULL,
  `ImgDesc` varchar(250) NOT NULL,
  `ImgShortcode` varchar(50) NOT NULL,
  `IsHeader` tinyint(1) NOT NULL DEFAULT '1',
  `IsThumbnail` tinyint(1) NOT NULL DEFAULT '1',
  `Description` varchar(250) DEFAULT NULL,
  PRIMARY KEY (`PostImageID`)
) ENGINE=InnoDB DEFAULT CHARSET=latin1 ROW_FORMAT=DYNAMIC;



# Dump of table _posts
# ------------------------------------------------------------

DROP TABLE IF EXISTS `_posts`;

CREATE TABLE `_posts` (
  `PostID` bigint(20) unsigned NOT NULL AUTO_INCREMENT,
  `PostCategoryID` int(11) NOT NULL,
  `PostUnitID` int(11) DEFAULT NULL,
  `PostDate` date NOT NULL,
  `PostTitle` varchar(200) NOT NULL,
  `PostSlug` varchar(200) NOT NULL,
  `PostContent` longtext,
  `PostExpiredDate` date DEFAULT NULL,
  `PostMetaTags` text,
  `IsRunningText` tinyint(1) NOT NULL DEFAULT '0',
  `TotalView` int(11) NOT NULL DEFAULT '0',
  `LastViewDate` datetime DEFAULT NULL,
  `IsSuspend` tinyint(1) NOT NULL DEFAULT '1',
  `FileName` varchar(250) DEFAULT NULL,
  `CreatedBy` varchar(50) NOT NULL,
  `CreatedOn` datetime NOT NULL,
  `UpdatedBy` varchar(50) NOT NULL,
  `UpdatedOn` datetime NOT NULL,
  PRIMARY KEY (`PostID`)
) ENGINE=InnoDB DEFAULT CHARSET=latin1 ROW_FORMAT=DYNAMIC;



# Dump of table _roles
# ------------------------------------------------------------

DROP TABLE IF EXISTS `_roles`;

CREATE TABLE `_roles` (
  `RoleID` int(10) unsigned NOT NULL,
  `RoleName` varchar(50) NOT NULL
) ENGINE=InnoDB DEFAULT CHARSET=latin1 ROW_FORMAT=DYNAMIC;

LOCK TABLES `_roles` WRITE;
/*!40000 ALTER TABLE `_roles` DISABLE KEYS */;

INSERT INTO `_roles` (`RoleID`, `RoleName`)
VALUES
	(1,'Administrator'),
	(2,'Operator');

/*!40000 ALTER TABLE `_roles` ENABLE KEYS */;
UNLOCK TABLES;


# Dump of table _settings
# ------------------------------------------------------------

DROP TABLE IF EXISTS `_settings`;

CREATE TABLE `_settings` (
  `Uniq` bigint(20) NOT NULL AUTO_INCREMENT,
  `SettingID` int(10) unsigned NOT NULL,
  `SettingLabel` varchar(50) NOT NULL,
  `SettingName` varchar(50) NOT NULL,
  `SettingValue` text NOT NULL,
  PRIMARY KEY (`Uniq`)
) ENGINE=InnoDB DEFAULT CHARSET=latin1 ROW_FORMAT=DYNAMIC;

LOCK TABLES `_settings` WRITE;
/*!40000 ALTER TABLE `_settings` DISABLE KEYS */;

INSERT INTO `_settings` (`Uniq`, `SettingID`, `SettingLabel`, `SettingName`, `SettingValue`)
VALUES
	(1,1,'SETTING_WEB_NAME','SETTING_WEB_NAME','SIKOPRAL'),
	(2,2,'SETTING_WEB_DESC','SETTING_WEB_DESC','Sistem Informasi Pembayaran KORPRI Digital'),
	(3,3,'SETTING_WEB_DISQUS_URL','SETTING_WEB_DISQUS_URL','https://general-9.disqus.com/embed.js'),
	(4,4,'SETTING_ORG_NAME','SETTING_ORG_NAME','Badan Kepegawaian dan Pengembangan Sumber Daya Manusia'),
	(5,5,'SETTING_ORG_ADDRESS','SETTING_ORG_ADDRESS','-'),
	(6,6,'SETTING_ORG_LAT','SETTING_ORG_LAT',''),
	(7,7,'SETTING_ORG_LONG','SETTING_ORG_LONG',''),
	(8,8,'SETTING_ORG_PHONE','SETTING_ORG_PHONE','-'),
	(9,9,'SETTING_ORG_FAX','SETTING_ORG_FAX','-'),
	(10,10,'SETTING_ORG_MAIL','SETTING_ORG_MAIL','-'),
	(11,11,'SETTING_WEB_API_FOOTERLINK','SETTING_WEB_API_FOOTERLINK','-'),
	(12,12,'SETTING_WEB_LOGO','SETTING_WEB_LOGO','logo.png'),
	(14,14,'SETTING_WEB_PRELOADER','SETTING_WEB_PRELOADER','main.gif'),
	(15,15,'SETTING_WEB_VERSION','SETTING_WEB_VERSION','1.01'),
	(16,16,'SETTING_ORG_REGION','SETTING_ORG_REGION','PEMERINTAH KABUPATEN BATU BARA');

/*!40000 ALTER TABLE `_settings` ENABLE KEYS */;
UNLOCK TABLES;


# Dump of table _userinformation
# ------------------------------------------------------------

DROP TABLE IF EXISTS `_userinformation`;

CREATE TABLE `_userinformation` (
  `Uniq` bigint(20) NOT NULL AUTO_INCREMENT,
  `UserName` varchar(50) NOT NULL,
  `Email` varchar(100) NOT NULL,
  `CompanyID` varchar(200) DEFAULT NULL,
  `Name` varchar(250) DEFAULT NULL,
  `IdentityNo` varchar(50) DEFAULT NULL,
  `BirthDate` date DEFAULT NULL,
  `ReligionID` int(11) DEFAULT NULL,
  `Gender` tinyint(1) DEFAULT NULL,
  `Address` text,
  `PhoneNumber` varchar(50) DEFAULT NULL,
  `EducationID` int(11) DEFAULT NULL,
  `UniversityName` varchar(50) DEFAULT NULL,
  `FacultyName` varchar(50) DEFAULT NULL,
  `MajorName` varchar(50) DEFAULT NULL,
  `IsGraduated` tinyint(1) NOT NULL DEFAULT '0',
  `GraduatedDate` date DEFAULT NULL,
  `YearOfExperience` int(11) DEFAULT NULL,
  `RecentPosition` varchar(250) DEFAULT NULL,
  `RecentSalary` double DEFAULT NULL,
  `ExpectedSalary` double DEFAULT NULL,
  `CVFilename` varchar(250) DEFAULT NULL,
  `ImageFilename` varchar(250) DEFAULT NULL,
  `RegisteredDate` date DEFAULT NULL,
  PRIMARY KEY (`Uniq`)
) ENGINE=InnoDB DEFAULT CHARSET=latin1 ROW_FORMAT=DYNAMIC;

LOCK TABLES `_userinformation` WRITE;
/*!40000 ALTER TABLE `_userinformation` DISABLE KEYS */;

INSERT INTO `_userinformation` (`Uniq`, `UserName`, `Email`, `CompanyID`, `Name`, `IdentityNo`, `BirthDate`, `ReligionID`, `Gender`, `Address`, `PhoneNumber`, `EducationID`, `UniversityName`, `FacultyName`, `MajorName`, `IsGraduated`, `GraduatedDate`, `YearOfExperience`, `RecentPosition`, `RecentSalary`, `ExpectedSalary`, `CVFilename`, `ImageFilename`, `RegisteredDate`)
VALUES
	(1,'admin','administrator@sipakopral.batubarakab.go.id',NULL,'Administrator',NULL,NULL,NULL,NULL,NULL,NULL,NULL,NULL,NULL,NULL,0,NULL,NULL,NULL,NULL,NULL,NULL,NULL,'2022-11-19'),
	(6,'disdik','disdik@sipakopral.batubarakab.go.id','1','DINAS PENDIDIKAN',NULL,NULL,NULL,NULL,NULL,NULL,NULL,NULL,NULL,NULL,0,NULL,NULL,NULL,NULL,NULL,NULL,NULL,NULL),
	(7,'dinkesp2kb','dinkesp2kb@sipakopral.batubarakab.go.id','2','DINAS KESEHATAN, PENGENDALIAN PENDUDUK DAN KELUARGA BERENCANA ',NULL,NULL,NULL,NULL,NULL,NULL,NULL,NULL,NULL,NULL,0,NULL,NULL,NULL,NULL,NULL,NULL,NULL,NULL),
	(8,'pupr','pupr@sipakopral.batubarakab.go.id','3','DINAS PEKERJAAN UMUM DAN TATA RUANG',NULL,NULL,NULL,NULL,NULL,NULL,NULL,NULL,NULL,NULL,0,NULL,NULL,NULL,NULL,NULL,NULL,NULL,NULL),
	(9,'perkim','perkim@sipakopral.batubarakab.go.id','4','DINAS PERUMAHAN, KAWASAN PERMUKIMAN DAN LINGKUNGAN HIDUP',NULL,NULL,NULL,NULL,NULL,NULL,NULL,NULL,NULL,NULL,0,NULL,NULL,NULL,NULL,NULL,NULL,NULL,NULL),
	(10,'bpbd','bpbd@sipakopral.batubarakab.go.id','5','BADAN PENANGGULANGAN BENCANA DAERAH',NULL,NULL,NULL,NULL,NULL,NULL,NULL,NULL,NULL,NULL,0,NULL,NULL,NULL,NULL,NULL,NULL,NULL,NULL),
	(11,'satpolpp','satpolpp@sipakopral.batubarakab.go.id','6','SATUAN POLISI PAMONG PRAJA',NULL,NULL,NULL,NULL,NULL,NULL,NULL,NULL,NULL,NULL,0,NULL,NULL,NULL,NULL,NULL,NULL,NULL,NULL),
	(12,'kesbangpol','kesbangpol@sipakopral.batubarakab.go.id','7','BADAN KESATUAN BANGSA DAN POLITIK',NULL,NULL,NULL,NULL,NULL,NULL,NULL,NULL,NULL,NULL,0,NULL,NULL,NULL,NULL,NULL,NULL,NULL,NULL),
	(13,'dinsosp3a','dinsosp3a@sipakopral.batubarakab.go.id','8','DINAS SOSIAL, PEMBERDAYAAN PEREMPUAN DAN PERLINDUNGAN ANAK',NULL,NULL,NULL,NULL,NULL,NULL,NULL,NULL,NULL,NULL,0,NULL,NULL,NULL,NULL,NULL,NULL,NULL,NULL),
	(14,'disnakerindag','disnakerindag@sipakopral.batubarakab.go.id','9','DINAS KETENAGAKERJAAN, PERINDUSTRIAN DAN PERDAGANGAN',NULL,NULL,NULL,NULL,NULL,NULL,NULL,NULL,NULL,NULL,0,NULL,NULL,NULL,NULL,NULL,NULL,NULL,NULL),
	(15,'disdukcapil','disdukcapil@sipakopral.batubarakab.go.id','11','DINAS KEPENDUDUKAN DAN PENCATATAN SIPIL',NULL,NULL,NULL,NULL,NULL,NULL,NULL,NULL,NULL,NULL,0,NULL,NULL,NULL,NULL,NULL,NULL,NULL,NULL),
	(16,'dpmd','dpmd@sipakopral.batubarakab.go.id','12','DINAS PEMBERDAYAAN MASYARAKAT DAN DESA',NULL,NULL,NULL,NULL,NULL,NULL,NULL,NULL,NULL,NULL,0,NULL,NULL,NULL,NULL,NULL,NULL,NULL,NULL),
	(17,'dishub','dishub@sipakopral.batubarakab.go.id','14','DINAS PERHUBUNGAN',NULL,NULL,NULL,NULL,NULL,NULL,NULL,NULL,NULL,NULL,0,NULL,NULL,NULL,NULL,NULL,NULL,NULL,NULL),
	(18,'diskominfo','diskominfo@sipakopral.batubarakab.go.id','15','DINAS KOMUNIKASI DAN INFORMATIKA',NULL,NULL,NULL,NULL,NULL,NULL,NULL,NULL,NULL,NULL,0,NULL,NULL,NULL,NULL,NULL,NULL,NULL,NULL),
	(19,'diskopumkm','diskopumkm@sipakopral.batubarakab.go.id','16','DINAS KOPERASI DAN USAHA KECIL DAN MENENGAH',NULL,NULL,NULL,NULL,NULL,NULL,NULL,NULL,NULL,NULL,0,NULL,NULL,NULL,NULL,NULL,NULL,NULL,NULL),
	(20,'dpmptsp','dpmptsp@sipakopral.batubarakab.go.id','17','DINAS PENANAMAN MODAL DAN PELAYANAN PERIZINAN TERPADU SATU PINTU',NULL,NULL,NULL,NULL,NULL,NULL,NULL,NULL,NULL,NULL,0,NULL,NULL,NULL,NULL,NULL,NULL,NULL,NULL),
	(21,'disporbudpar','disporbudpar@sipakopral.batubarakab.go.id','18','DINAS PEMUDA, OLAHRAGA, KEBUDAYAAN DAN PARIWISATA',NULL,NULL,NULL,NULL,NULL,NULL,NULL,NULL,NULL,NULL,0,NULL,NULL,NULL,NULL,NULL,NULL,NULL,NULL),
	(22,'perpustakaan','perpustakaan@sipakopral.batubarakab.go.id','19','DINAS PERPUSTAKAAN',NULL,NULL,NULL,NULL,NULL,NULL,NULL,NULL,NULL,NULL,0,NULL,NULL,NULL,NULL,NULL,NULL,NULL,NULL),
	(23,'perikanan','perikanan@sipakopral.batubarakab.go.id','20','DINAS PERIKANAN DAN PETERNAKAN',NULL,NULL,NULL,NULL,NULL,NULL,NULL,NULL,NULL,NULL,0,NULL,NULL,NULL,NULL,NULL,NULL,NULL,NULL),
	(24,'pertanian','pertanian@sipakopral.batubarakab.go.id','21','DINAS PERTANIAN DAN PERKEBUNAN',NULL,NULL,NULL,NULL,NULL,NULL,NULL,NULL,NULL,NULL,0,NULL,NULL,NULL,NULL,NULL,NULL,NULL,NULL),
	(25,'setdakab','setdakab@sipakopral.batubarakab.go.id','24','SEKRETARIAT DAERAH KABUPATEN',NULL,NULL,NULL,NULL,NULL,NULL,NULL,NULL,NULL,NULL,0,NULL,NULL,NULL,NULL,NULL,NULL,NULL,NULL),
	(26,'setwan','setwan@sipakopral.batubarakab.go.id','25','SEKRETARIAT DPRD',NULL,NULL,NULL,NULL,NULL,NULL,NULL,NULL,NULL,NULL,0,NULL,NULL,NULL,NULL,NULL,NULL,NULL,NULL),
	(27,'bappelitbangda','bappelitbangda@sipakopral.batubarakab.go.id','26','BADAN PERENCANAAN PEMBANGUNAN DAN PENELITIAN PENGEMBANGAN DAERAH',NULL,NULL,NULL,NULL,NULL,NULL,NULL,NULL,NULL,NULL,0,NULL,NULL,NULL,NULL,NULL,NULL,NULL,NULL),
	(28,'bapenda','bapenda@sipakopral.batubarakab.go.id','27','BADAN PENDAPATAN DAERAH',NULL,NULL,NULL,NULL,NULL,NULL,NULL,NULL,NULL,NULL,0,NULL,NULL,NULL,NULL,NULL,NULL,NULL,NULL),
	(29,'bkad','bkad@sipakopral.batubarakab.go.id','28','BADAN KEUANGAN DAN ASET DAERAH',NULL,NULL,NULL,NULL,NULL,NULL,NULL,NULL,NULL,NULL,0,NULL,NULL,NULL,NULL,NULL,NULL,NULL,NULL),
	(30,'bkpsdm','bkpsdm@sipakopral.batubarakab.go.id','29','BADAN KEPEGAWAIAN DAN PENGEMBANGAN SUMBER DAYA MANUSIA',NULL,NULL,NULL,NULL,NULL,NULL,NULL,NULL,NULL,NULL,0,NULL,NULL,NULL,NULL,NULL,NULL,NULL,NULL),
	(31,'inspektorat','inspektorat@sipakopral.batubarakab.go.id','30','INSPEKTORAT DAERAH',NULL,NULL,NULL,NULL,NULL,NULL,NULL,NULL,NULL,NULL,0,NULL,NULL,NULL,NULL,NULL,NULL,NULL,NULL),
	(32,'limapuluh','limapuluh@sipakopral.batubarakab.go.id','31','KECAMATAN LIMA PULUH',NULL,NULL,NULL,NULL,NULL,NULL,NULL,NULL,NULL,NULL,0,NULL,NULL,NULL,NULL,NULL,NULL,NULL,NULL),
	(33,'talawi','talawi@sipakopral.batubarakab.go.id','32','KECAMATAN TALAWI',NULL,NULL,NULL,NULL,NULL,NULL,NULL,NULL,NULL,NULL,0,NULL,NULL,NULL,NULL,NULL,NULL,NULL,NULL),
	(34,'tanjungtiram','tanjungtiram@sipakopral.batubarakab.go.id','33','KECAMATAN TANJUNG TIRAM',NULL,NULL,NULL,NULL,NULL,NULL,NULL,NULL,NULL,NULL,0,NULL,NULL,NULL,NULL,NULL,NULL,NULL,NULL),
	(35,'airputih','airputih@sipakopral.batubarakab.go.id','34','KECAMATAN AIR PUTIH',NULL,NULL,NULL,NULL,NULL,NULL,NULL,NULL,NULL,NULL,0,NULL,NULL,NULL,NULL,NULL,NULL,NULL,NULL),
	(36,'seisuka','seisuka@sipakopral.batubarakab.go.id','35','KECAMATAN SEI SUKA',NULL,NULL,NULL,NULL,NULL,NULL,NULL,NULL,NULL,NULL,0,NULL,NULL,NULL,NULL,NULL,NULL,NULL,NULL),
	(37,'medangderas','medangderas@sipakopral.batubarakab.go.id','36','KECAMATAN MEDANG DERAS',NULL,NULL,NULL,NULL,NULL,NULL,NULL,NULL,NULL,NULL,0,NULL,NULL,NULL,NULL,NULL,NULL,NULL,NULL),
	(38,'seibalai','seibalai@sipakopral.batubarakab.go.id','37','KECAMATAN SEI BALAI',NULL,NULL,NULL,NULL,NULL,NULL,NULL,NULL,NULL,NULL,0,NULL,NULL,NULL,NULL,NULL,NULL,NULL,NULL),
	(39,'limapuluhpesisir','limapuluhpesisir@sipakopral.batubarakab.go.id','38','KECAMATAN LIMA PULUH PESISIR',NULL,NULL,NULL,NULL,NULL,NULL,NULL,NULL,NULL,NULL,0,NULL,NULL,NULL,NULL,NULL,NULL,NULL,NULL),
	(40,'datuklimapuluh','datuklimapuluh@sipakopral.batubarakab.go.id','39','KECAMATAN DATUK LIMA PULUH',NULL,NULL,NULL,NULL,NULL,NULL,NULL,NULL,NULL,NULL,0,NULL,NULL,NULL,NULL,NULL,NULL,NULL,NULL),
	(41,'datuktanahdatar','datuktanahdatar@sipakopral.batubarakab.go.id','40','KECAMATAN DATUK TANAH DATAR',NULL,NULL,NULL,NULL,NULL,NULL,NULL,NULL,NULL,NULL,0,NULL,NULL,NULL,NULL,NULL,NULL,NULL,NULL),
	(42,'nibunghangus','nibunghangus@sipakopral.batubarakab.go.id','41','KECAMATAN NIBUNG HANGUS',NULL,NULL,NULL,NULL,NULL,NULL,NULL,NULL,NULL,NULL,0,NULL,NULL,NULL,NULL,NULL,NULL,NULL,NULL),
	(43,'lauttador','lauttador@sipakopral.batubarakab.go.id','42','KECAMATAN LAUT TADOR',NULL,NULL,NULL,NULL,NULL,NULL,NULL,NULL,NULL,NULL,0,NULL,NULL,NULL,NULL,NULL,NULL,NULL,NULL),
	(44,'rsud','rsud@sipakopral.batubarakab.go.id','43','RUMAH SAKIT UMUM DAERAH',NULL,NULL,NULL,NULL,NULL,NULL,NULL,NULL,NULL,NULL,0,NULL,NULL,NULL,NULL,NULL,NULL,NULL,NULL);

/*!40000 ALTER TABLE `_userinformation` ENABLE KEYS */;
UNLOCK TABLES;


# Dump of table _users
# ------------------------------------------------------------

DROP TABLE IF EXISTS `_users`;

CREATE TABLE `_users` (
  `Uniq` bigint(20) NOT NULL AUTO_INCREMENT,
  `UserName` varchar(50) NOT NULL,
  `Password` varchar(50) NOT NULL,
  `RoleID` int(10) unsigned NOT NULL,
  `IsSuspend` tinyint(3) unsigned NOT NULL DEFAULT '0',
  `LastLogin` datetime DEFAULT NULL,
  `LastLoginIP` varchar(100) DEFAULT NULL,
  PRIMARY KEY (`Uniq`)
) ENGINE=InnoDB DEFAULT CHARSET=latin1 ROW_FORMAT=DYNAMIC;

LOCK TABLES `_users` WRITE;
/*!40000 ALTER TABLE `_users` DISABLE KEYS */;

INSERT INTO `_users` (`Uniq`, `UserName`, `Password`, `RoleID`, `IsSuspend`, `LastLogin`, `LastLoginIP`)
VALUES
	(1,'admin','a540461147b21dcaed15503e40496cc2',1,0,'2022-12-15 22:53:52','::1'),
	(6,'disdik','50ac30d9f12601fd112aecbc560d1cea',2,0,NULL,NULL),
	(7,'dinkesp2kb','d7bd4b7ba4b09654a6978e4395b473d3',2,0,NULL,NULL),
	(8,'pupr','58db973beeb3351c49dff775765416d4',2,0,NULL,NULL),
	(9,'perkim','30b190f4830d5e51b60fcc97c0e4d007',2,0,NULL,NULL),
	(10,'bpbd','320496dba70303f2e3a1f7ee47e20f28',2,0,NULL,NULL),
	(11,'satpolpp','431374007fe4e4226e789abcc83e4204',2,0,NULL,NULL),
	(12,'kesbangpol','952afe3f6cd85431d2568748bbc56d25',2,0,NULL,NULL),
	(13,'dinsosp3a','cf6438763c448f75e856821df0f3c21c',2,0,NULL,NULL),
	(14,'disnakerindag','57e32999709ff60abf472ea26edf50cc',2,0,NULL,NULL),
	(15,'disdukcapil','cfdb3e16f01e3de95940f26a0de9d724',2,0,NULL,NULL),
	(16,'dpmd','d9d377b444eef07404eb601ec39b1ccd',2,0,NULL,NULL),
	(17,'dishub','7aff54a8405dfa34685f7b6749eb603b',2,0,NULL,NULL),
	(18,'diskominfo','9b6210921eaa1036dbd5acb87f049437',2,0,NULL,NULL),
	(19,'diskopumkm','2a79bf835786ec0c14314f9b772fdbae',2,0,NULL,NULL),
	(20,'dpmptsp','d913d4c2ca0a1f699d2758127eeafeb4',2,0,NULL,NULL),
	(21,'disporbudpar','da29f6891ed5f116d286b15de4afc36e',2,0,NULL,NULL),
	(22,'perpustakaan','6a73f78adfb05448583c7e876439d896',2,0,NULL,NULL),
	(23,'perikanan','330d4ce6e0b129cd880bd3082d53100d',2,0,NULL,NULL),
	(24,'pertanian','24f8e0b2d41e91682b3ee1107b60a702',2,0,NULL,NULL),
	(25,'setdakab','2ce3a3510b463ae3873a7e281f5edeab',2,0,NULL,NULL),
	(26,'setwan','e8bfe2fe11463be0359ddd53fc77177f',2,0,NULL,NULL),
	(27,'bappelitbangda','d0a40de4e6d5283c79b5558f4c1d7329',2,0,'2022-12-16 00:11:58','::1'),
	(28,'bapenda','2a14fbccc46372e127492c153703ea31',2,0,NULL,NULL),
	(29,'bkad','a96c9203ef6d4dfcdc33d9b1b7e6ce70',2,0,NULL,NULL),
	(30,'bkpsdm','0ccb609865eab19115534b2130eb2922',2,0,NULL,NULL),
	(31,'inspektorat','dbfd35a0b4ec29080895ba9dd847decc',2,0,NULL,NULL),
	(32,'limapuluh','a8768e0a06021eed251afabb03d721cc',2,0,NULL,NULL),
	(33,'talawi','f6c8ded6c04179cb3df0a83c72b4f0e1',2,0,NULL,NULL),
	(34,'tanjungtiram','e274703dff92c7717b502e6fd552a076',2,0,NULL,NULL),
	(35,'airputih','ad2caa9e2182b83abd43f62ee42b22e4',2,0,NULL,NULL),
	(36,'seisuka','2e2dae972da83eb3a8be6efa6968a1e5',2,0,NULL,NULL),
	(37,'medangderas','0095e12522b058c52bc0b590974f9aeb',2,0,NULL,NULL),
	(38,'seibalai','963045946fa58ba329f2d05c56ec0d49',2,0,NULL,NULL),
	(39,'limapuluhpesisir','d70d42e84f68bbbd5b5971e3d4d4dd43',2,0,NULL,NULL),
	(40,'datuklimapuluh','ae1e6b107dc444d97f6e9875bfcc31b4',2,0,NULL,NULL),
	(41,'datuktanahdatar','de178bc8491e7d595b1d8bc77b6135b9',2,0,NULL,NULL),
	(42,'nibunghangus','65f9e9d513bcefb8919cc331c7adbab4',2,0,NULL,NULL),
	(43,'lauttador','5f0425f7e779a8bf025f8040ef7c5af1',2,0,NULL,NULL),
	(44,'rsud','7c52196b559874271eaa4219b1be722b',2,0,NULL,NULL);

/*!40000 ALTER TABLE `_users` ENABLE KEYS */;
UNLOCK TABLES;


# Dump of table mgolongan
# ------------------------------------------------------------

DROP TABLE IF EXISTS `mgolongan`;

CREATE TABLE `mgolongan` (
  `Uniq` bigint(10) unsigned NOT NULL AUTO_INCREMENT,
  `GolonganKode` varchar(10) DEFAULT NULL,
  `GolonganNama` varchar(50) DEFAULT NULL,
  `GolonganSeq` int(11) DEFAULT NULL,
  `GolonganJmlIuran` double DEFAULT NULL,
  PRIMARY KEY (`Uniq`)
) ENGINE=InnoDB DEFAULT CHARSET=latin1;

LOCK TABLES `mgolongan` WRITE;
/*!40000 ALTER TABLE `mgolongan` DISABLE KEYS */;

INSERT INTO `mgolongan` (`Uniq`, `GolonganKode`, `GolonganNama`, `GolonganSeq`, `GolonganJmlIuran`)
VALUES
	(1,'I.A','Juru Muda',1,0),
	(2,'I.B','Juru Muda Tk. I',2,0),
	(3,'I.C','Juru',3,0),
	(4,'I.D','Juru Tk. I',4,0),
	(5,'II.A','Pengatur Muda',5,10000),
	(6,'II.B','Pengatur Muda Tk. I',6,10000),
	(7,'II.C','Pengatur',7,10000),
	(8,'II.D','Pengatur Tk. I',8,10000),
	(9,'III.A','Penata Muda',9,15000),
	(10,'III.B','Penata Muda Tk. I',10,15000),
	(11,'III.C','Penata',11,15000),
	(12,'III.D','Penata Tk. I',12,15000),
	(13,'IV.A','Pembina',13,20000),
	(14,'IV.B','Pembina Tk. I',14,20000),
	(15,'IV.C','Pembina Utama Muda',15,20000),
	(16,'IV.D','Pembina Utama Madya',16,20000),
	(17,'IV.E','Pembina Utama',17,20000);

/*!40000 ALTER TABLE `mgolongan` ENABLE KEYS */;
UNLOCK TABLES;


# Dump of table mjabatan
# ------------------------------------------------------------

DROP TABLE IF EXISTS `mjabatan`;

CREATE TABLE `mjabatan` (
  `Uniq` bigint(10) unsigned NOT NULL AUTO_INCREMENT,
  `JabNama` varchar(100) NOT NULL DEFAULT '',
  `JabJmlIuran` double NOT NULL,
  `JabSeq` int(10) NOT NULL,
  PRIMARY KEY (`Uniq`)
) ENGINE=InnoDB DEFAULT CHARSET=latin1;

LOCK TABLES `mjabatan` WRITE;
/*!40000 ALTER TABLE `mjabatan` DISABLE KEYS */;

INSERT INTO `mjabatan` (`Uniq`, `JabNama`, `JabJmlIuran`, `JabSeq`)
VALUES
	(1,'ESELON II',75000,1),
	(2,'ESELON III',45000,2),
	(3,'ESELON IV',25000,3);

/*!40000 ALTER TABLE `mjabatan` ENABLE KEYS */;
UNLOCK TABLES;


# Dump of table mkategori
# ------------------------------------------------------------

DROP TABLE IF EXISTS `mkategori`;

CREATE TABLE `mkategori` (
  `Uniq` bigint(10) unsigned NOT NULL AUTO_INCREMENT,
  `KatNama` varchar(100) NOT NULL DEFAULT '',
  `KatJumlah` double NOT NULL,
  PRIMARY KEY (`Uniq`)
) ENGINE=InnoDB DEFAULT CHARSET=latin1;

LOCK TABLES `mkategori` WRITE;
/*!40000 ALTER TABLE `mkategori` DISABLE KEYS */;

INSERT INTO `mkategori` (`Uniq`, `KatNama`, `KatJumlah`)
VALUES
	(1,'PNS Meninggal Dunia',3000000),
	(2,'PNS Pensiun',2000000),
	(3,'Suami / Istri PNS Meninggal Dunia',1000000);

/*!40000 ALTER TABLE `mkategori` ENABLE KEYS */;
UNLOCK TABLES;


# Dump of table mpegawai
# ------------------------------------------------------------

DROP TABLE IF EXISTS `mpegawai`;

CREATE TABLE `mpegawai` (
  `PegId` bigint(10) unsigned NOT NULL AUTO_INCREMENT,
  `IdSkpd` bigint(10) unsigned NOT NULL,
  `PegNama` varchar(200) NOT NULL DEFAULT '',
  `PegNIP` varchar(50) NOT NULL DEFAULT '',
  `PegGolongan` varchar(10) NOT NULL DEFAULT '',
  `PegJabatan` varchar(50) DEFAULT '',
  `PegTglLahir` date NOT NULL,
  `PegTMT` date NOT NULL,
  `PegBUP` int(11) NOT NULL,
  `PegFileSK` text,
  `PegRekNo` varchar(100) DEFAULT NULL,
  `PegRekNama` varchar(100) DEFAULT NULL,
  `CreatedBy` varchar(50) NOT NULL DEFAULT '',
  `CreatedOn` datetime NOT NULL,
  `UpdatedBy` varchar(50) DEFAULT NULL,
  `UpdatedOn` datetime DEFAULT NULL,
  PRIMARY KEY (`PegId`)
) ENGINE=InnoDB DEFAULT CHARSET=latin1;

LOCK TABLES `mpegawai` WRITE;
/*!40000 ALTER TABLE `mpegawai` DISABLE KEYS */;

INSERT INTO `mpegawai` (`PegId`, `IdSkpd`, `PegNama`, `PegNIP`, `PegGolongan`, `PegJabatan`, `PegTglLahir`, `PegTMT`, `PegBUP`, `PegFileSK`, `PegRekNo`, `PegRekNama`, `CreatedBy`, `CreatedOn`, `UpdatedBy`, `UpdatedOn`)
VALUES
	(1,24,'SAKTI ALAM SIREGAR, SH','196303011986021002','IV.D','ESELON II','1963-03-01','1986-02-01',60,NULL,NULL,NULL,'admin','2022-12-12 19:00:00',NULL,NULL),
	(2,24,'ATTARUDDIN, S.Pd., M.M.','196708071991031002','IV.C','ESELON II','1967-08-07','1991-03-01',60,NULL,NULL,NULL,'admin','2022-12-12 19:00:00',NULL,NULL),
	(3,24,'Ir, KHAIRUL ANWAR ,M.Si','196304211986021002','IV.C',NULL,'1963-04-21','1986-02-01',58,NULL,NULL,NULL,'admin','2022-12-12 19:00:00',NULL,NULL),
	(4,24,'RUSI.AN HERI ,S.Sos, M.AP','196803291990071001','IV.C',NULL,'1968-03-29','1990-07-01',58,NULL,NULL,NULL,'admin','2022-12-12 19:00:00',NULL,NULL),
	(5,24,'Drs.SAHALA.MM','196208161988031003','IV.C',NULL,'1962-08-16','1988-03-01',58,NULL,NULL,NULL,'admin','2022-12-12 19:00:00',NULL,NULL),
	(6,24,'RENOLD ASMARA ,AP,S.H','197510101996031002','IV.C',NULL,'1975-10-10','1996-03-01',58,NULL,NULL,NULL,'admin','2022-12-12 19:00:00',NULL,NULL),
	(7,24,'AHMADAN CHAIR ,S.Sos,M.AP','197111011992031001','IV.C','ESELON II','1971-11-01','1992-03-01',60,NULL,NULL,NULL,'admin','2022-12-12 19:00:00',NULL,NULL),
	(8,24,'Drs, ALADDIN ,M.Si','196706271996031003','IV.C',NULL,'1967-06-27','1996-03-01',58,NULL,NULL,NULL,'admin','2022-12-12 19:00:00',NULL,NULL),
	(9,24,'AHMAD ENSTEN ,S.Ag.ST','197209061998031003','IV.C',NULL,'1972-09-06','1998-03-01',58,NULL,NULL,NULL,'admin','2022-12-12 19:00:00',NULL,NULL),
	(10,24,'ISHAK ,SPd,M.Si','196207201999031002','IV.B','ESELON II','1962-07-20','1999-03-01',60,NULL,NULL,NULL,'admin','2022-12-12 19:00:00',NULL,NULL),
	(11,24,'ADENAN HARIS ,S.Ag,M.Pd','197412132000031004','IV.B','ESELON III','1974-12-13','2000-03-01',58,NULL,NULL,NULL,'admin','2022-12-12 19:00:00',NULL,NULL),
	(12,24,'M. NASHIR YUHANAN ,S.Pd.M.Si','196904051994121001','IV.B',NULL,'1969-04-05','1994-12-01',58,NULL,NULL,NULL,'admin','2022-12-12 19:00:00',NULL,NULL),
	(13,24,'dr. DEWI CHAILATY NASUTION, M.Kes','197001292002122003','IV.B','ESELON II','1970-01-29','2002-12-01',60,NULL,NULL,NULL,'admin','2022-12-12 19:00:00',NULL,NULL),
	(14,24,'MARLIN PASARIBU, S.Pd., M.Si','196905021994121002','IV.B',NULL,'1969-05-02','1994-12-01',58,NULL,NULL,NULL,'admin','2022-12-12 19:00:00',NULL,NULL),
	(15,24,'ERWIN SI.ANIPAR ,S.Pd','196403231985031004','IV.B',NULL,'1964-03-23','1985-03-01',58,NULL,NULL,NULL,'admin','2022-12-12 19:00:00',NULL,NULL),
	(16,24,'AMIRUDDIN ,SP.M.Si','196901181995031001','IV.B',NULL,'1969-01-18','1995-03-01',58,NULL,NULL,NULL,'admin','2022-12-12 19:00:00',NULL,NULL),
	(17,24,'YASSER ABDILLAH ,S.STP','198407032002121001','IV.A','ESELON III','1984-07-03','2002-12-01',58,NULL,NULL,NULL,'admin','2022-12-12 19:00:00',NULL,NULL),
	(18,24,'FRANKY SIBORO ,SP, M.Si','197703192005021003','IV.A','ESELON III','1977-03-19','2005-02-01',58,NULL,NULL,NULL,'admin','2022-12-12 19:00:00',NULL,NULL),
	(19,24,'SRI MAHDANI, SKM','197009161992032003','IV.A','ESELON III','1970-09-16','1992-03-01',58,NULL,NULL,NULL,'admin','2022-12-12 19:00:00',NULL,NULL),
	(20,24,'Syafrizal. ST','198002152008041001','III.D',NULL,'1980-02-15','2008-04-01',58,NULL,NULL,NULL,'admin','2022-12-12 19:00:00',NULL,NULL),
	(21,24,'AGNES ANGELI.A ,ST','198410262009032002','III.D','ESELON III','1984-10-26','2009-03-01',58,NULL,NULL,NULL,'admin','2022-12-12 19:00:00',NULL,NULL),
	(22,24,'SYAFRIZAL ,ST','198002152008041001','III.D',NULL,'1980-02-15','2008-04-01',58,NULL,NULL,NULL,'admin','2022-12-12 19:00:00',NULL,NULL),
	(23,24,'IKHWANUL ZUHRI PANE, S.IP, M.Si','198806152007011001','III.D','ESELON III','1988-06-15','2007-01-01',58,NULL,NULL,NULL,'admin','2022-12-12 19:00:00',NULL,NULL),
	(24,24,'IHRAMLI EFENDI ,S.Sos.I','198701042010011007','III.D','ESELON III','1987-01-04','2010-01-01',58,NULL,NULL,NULL,'admin','2022-12-12 19:00:00',NULL,NULL),
	(25,24,'LIZA CHITRA LUBIS ,SH','198110082008042001','III.D','ESELON IV','1981-10-08','2008-04-01',58,NULL,NULL,NULL,'admin','2022-12-12 19:00:00',NULL,NULL),
	(26,24,'NETTI HERAWATI NAINGGOLAN ,SH.MH','198004062009032006','III.D','ESELON IV','1980-04-06','2009-03-01',58,NULL,NULL,NULL,'admin','2022-12-12 19:00:00',NULL,NULL),
	(27,24,'SUTAN RAHMADSYAH.M ,SH','198604222010011017','III.D','ESELON IV','1986-04-22','2010-01-01',58,NULL,NULL,NULL,'admin','2022-12-12 19:00:00',NULL,NULL),
	(28,24,'SAFRI','196504261988031002','III.D','ESELON IV','1965-04-26','1988-03-01',58,NULL,NULL,NULL,'admin','2022-12-12 19:00:00',NULL,NULL),
	(29,24,'YUSRIZAL ,SE','197306152011011001','III.D','ESELON IV','1973-06-15','2011-01-01',58,NULL,NULL,NULL,'admin','2022-12-12 19:00:00',NULL,NULL),
	(30,24,'DI.AN WINDHU FEBRI.ARINI, SE','198202252008042001','III.D','ESELON IV','1982-02-25','2008-04-01',58,NULL,NULL,NULL,'admin','2022-12-12 19:00:00',NULL,NULL),
	(31,24,'YULY ERLINA ,SE','197307172008042001','III.D','ESELON IV','1973-07-17','2008-04-01',58,NULL,NULL,NULL,'admin','2022-12-12 19:00:00',NULL,NULL),
	(32,24,'ALISA RAHMI HANDAYANI ,S.H','198202032010012023','III.D','ESELON IV','1982-02-03','2010-01-01',58,NULL,NULL,NULL,'admin','2022-12-12 19:00:00',NULL,NULL),
	(33,24,'RICHMON SITORUS','198305222010011016','III.D','ESELON IV','1983-05-22','2010-01-01',58,NULL,NULL,NULL,'admin','2022-12-12 19:00:00',NULL,NULL),
	(34,24,'BACHTARIZA ,ST, M.Si','197607092011011008','III.D','ESELON IV','1976-07-09','2011-01-01',58,NULL,NULL,NULL,'admin','2022-12-12 19:00:00',NULL,NULL),
	(35,24,'YUSLINDA MAIYAR ,SE, M.Si','197906292011012008','III.D','ESELON IV','1979-06-29','2011-01-01',58,NULL,NULL,NULL,'admin','2022-12-12 19:00:00',NULL,NULL),
	(36,24,'MUSA ,SP','196911021993031006','III.D','ESELON IV','1969-11-02','1993-03-01',58,NULL,NULL,NULL,'admin','2022-12-12 19:00:00',NULL,NULL),
	(37,24,'BENYAMIN JULI.ANTO TARIGAN ,SH','197507132009031002','III.D','ESELON IV','1975-07-13','2009-03-01',58,NULL,NULL,NULL,'admin','2022-12-12 19:00:00',NULL,NULL),
	(38,24,'ELVIN SINAGA ,S.Sos, M.AP','198409042009032006','III.D','ESELON IV','1984-09-04','2009-03-01',58,NULL,NULL,NULL,'admin','2022-12-12 19:00:00',NULL,NULL),
	(39,24,'JOAS SINAGA ,S.T','197602022010011020','III.D',NULL,'1976-02-02','2010-01-01',58,NULL,NULL,NULL,'admin','2022-12-12 19:00:00',NULL,NULL),
	(40,24,'BONAR SI.AHAAN ,ST','197007142007011003','III.D',NULL,'1970-07-14','2007-01-01',58,NULL,NULL,NULL,'admin','2022-12-12 19:00:00',NULL,NULL),
	(41,24,'AKHSANUL RIZQY HARAHAP ,ST','198701282010011004','III.D',NULL,'1987-01-28','2010-01-01',58,NULL,NULL,NULL,'admin','2022-12-12 19:00:00',NULL,NULL),
	(42,24,'WILSON SITORUS ,S.T','198408042010011034','III.D',NULL,'1984-08-04','2010-01-01',58,NULL,NULL,NULL,'admin','2022-12-12 19:00:00',NULL,NULL),
	(43,24,'FEBRI TIKA BUTAR BUTAR ,S.Pt','198402132011011012','III.D',NULL,'1984-02-13','2011-01-01',58,NULL,NULL,NULL,'admin','2022-12-12 19:00:00',NULL,NULL),
	(44,24,'DADANG IRFANDI ,S.P','198205112010011027','III.D',NULL,'1982-05-11','2010-01-01',58,NULL,NULL,NULL,'admin','2022-12-12 19:00:00',NULL,NULL),
	(45,24,'MUHAMMAD SYAWALUDDIN NASUTION ,S.AP','197310162000031002','III.D',NULL,'1973-10-16','2000-03-01',58,NULL,NULL,NULL,'admin','2022-12-12 19:00:00',NULL,NULL),
	(46,24,'ADI HAMONANGAN MARPAUNG, ST','198105282008041001','III.C',NULL,'1981-05-28','2008-04-01',58,NULL,NULL,NULL,'admin','2022-12-12 19:00:00',NULL,NULL),
	(47,24,'ABDUL GOFAR ASDIQI , SE','198001252009031001','III.C',NULL,'1980-01-25','2009-03-01',58,NULL,NULL,NULL,'admin','2022-12-12 19:00:00',NULL,NULL),
	(48,24,'VANYUDHISTIRA SILALAHI SIHALOHO ,S.T','198610152010011015','III.C',NULL,'1986-10-15','2010-01-01',58,NULL,NULL,NULL,'admin','2022-12-12 19:00:00',NULL,NULL),
	(49,24,'SAIFUL BAHRI ,S.ST','198008212010011020','III.C',NULL,'1980-08-21','2010-01-01',58,NULL,NULL,NULL,'admin','2022-12-12 19:00:00',NULL,NULL),
	(50,24,'ARPAN SAPUTRA SIREGAR ,S.ST','197803152010011018','III.C',NULL,'1978-03-15','2010-01-01',58,NULL,NULL,NULL,'admin','2022-12-12 19:00:00',NULL,NULL),
	(51,24,'SUMI.ATI, SE','198108062010012020','III.B','ESELON IV','1981-08-06','2010-01-01',58,NULL,NULL,NULL,'admin','2022-12-12 19:00:00',NULL,NULL),
	(52,24,'RAPHITA RAHAYU SILALAHI ,SE','198704102010012034','III.B',NULL,'1987-04-10','2010-01-01',58,NULL,NULL,NULL,'admin','2022-12-12 19:00:00',NULL,NULL),
	(53,24,'MUHAMMAD RODI MANSYURI ,S.STP,M.A.P','199402142016091003','III.B','ESELON IV','1994-02-14','2016-09-01',58,NULL,NULL,NULL,'admin','2022-12-12 19:00:00',NULL,NULL),
	(54,24,'MUHAMMAD REZA PAHLEVI','199104212010011001','III.B','ESELON IV','1991-04-21','2010-01-01',58,NULL,NULL,NULL,'admin','2022-12-12 19:00:00',NULL,NULL),
	(55,24,'WIDHI PRASTIWI , SE','198202212010012018','III.B','ESELON IV','1982-02-21','2010-01-01',58,NULL,NULL,NULL,'admin','2022-12-12 19:00:00',NULL,NULL),
	(56,24,'FARHANSYAH SEMBIRING , SE','198308142010011019','III.B','ESELON IV','1983-08-14','2010-01-01',58,NULL,NULL,NULL,'admin','2022-12-12 19:00:00',NULL,NULL),
	(57,24,'MHD. IQBAL RESSA M. ST','199003222010011001','III.B','ESELON IV','1990-03-22','2010-01-01',58,NULL,NULL,NULL,'admin','2022-12-12 19:00:00',NULL,NULL),
	(58,24,'ELI.ANA BUTAR BUTAR ,A.Md','198702192010012016','III.B','ESELON IV','1987-02-19','2010-01-01',58,NULL,NULL,NULL,'admin','2022-12-12 19:00:00',NULL,NULL),
	(59,24,'ALFIN HARI.ADI, SE','198804092010011006','III.B','ESELON IV','1988-04-09','2010-01-01',58,NULL,NULL,NULL,'admin','2022-12-12 19:00:00',NULL,NULL),
	(60,24,'MUSTAFA ALALI ,S.STP','199412142017081001','III.B',NULL,'1994-12-14','2017-08-01',58,NULL,NULL,NULL,'admin','2022-12-12 19:00:00',NULL,NULL),
	(61,24,'GITO SUTOPO SINAGA','198609272010011019','III.B',NULL,'1986-09-27','2010-01-01',58,NULL,NULL,NULL,'admin','2022-12-12 19:00:00',NULL,NULL),
	(62,24,'KURNI.ANI ,SE','198109012009012002','III.B',NULL,'1981-09-01','2009-01-01',58,NULL,NULL,NULL,'admin','2022-12-12 19:00:00',NULL,NULL),
	(63,24,'AHMAD FADLI, SP','198903062014031003','III.B',NULL,'1989-03-06','2014-03-01',58,NULL,NULL,NULL,'admin','2022-12-12 19:00:00',NULL,NULL),
	(64,24,'ARYANI ,S.E','197909052009012002','III.B',NULL,'1979-09-05','2009-01-01',58,NULL,NULL,NULL,'admin','2022-12-12 19:00:00',NULL,NULL),
	(65,24,'AMAR AKBAR ,S.Kep.Ners','197506112010011011','III.B',NULL,'1975-06-11','2010-01-01',58,NULL,NULL,NULL,'admin','2022-12-12 19:00:00',NULL,NULL),
	(66,24,'MUHAMMAD KHOLEL OSCANDAR ,A.Md','198311122010011018','III.A',NULL,'1983-11-12','2010-01-01',58,NULL,NULL,NULL,'admin','2022-12-12 19:00:00',NULL,NULL),
	(67,24,'WILYAH SARI SITUMORANG','199102072014032001','III.A',NULL,'1991-02-07','2014-03-01',58,NULL,NULL,NULL,'admin','2022-12-12 19:00:00',NULL,NULL),
	(68,24,'ASTI WANDHANI AGITA TARIGAN ,S.STP','199608282018082001','III.A',NULL,'1996-08-28','2018-08-01',58,NULL,NULL,NULL,'admin','2022-12-12 19:00:00',NULL,NULL),
	(69,24,'ORIZA SATIVA, S.STP','199504152017082002','III.A','ESELON IV','1995-04-15','2017-08-01',58,NULL,NULL,NULL,'admin','2022-12-12 19:00:00',NULL,NULL),
	(70,24,'ANDRI MASNI.ARI','196509251986112002','III.A',NULL,'1965-09-25','1986-11-01',58,NULL,NULL,NULL,'admin','2022-12-12 19:00:00',NULL,NULL),
	(71,24,'RETNO SYAFIRA, S.STP','199706282019082001','III.A',NULL,'1997-06-28','2019-08-01',58,NULL,NULL,NULL,'admin','2022-12-12 19:00:00',NULL,NULL),
	(72,24,'M. ZIKRI ARIFIN, S.Pi','199409212014031002','III.A',NULL,'1994-09-21','2014-03-01',58,NULL,NULL,NULL,'admin','2022-12-12 19:00:00',NULL,NULL),
	(73,24,'RANDY ANDIKA ERNANDA ,S.E','199106192010011001','III.A',NULL,'1991-06-19','2010-01-01',58,NULL,NULL,NULL,'admin','2022-12-12 19:00:00',NULL,NULL),
	(74,24,'FITRI.A NANDA URIKA, SE','199203252011012002','III.A',NULL,'1992-03-25','2011-01-01',58,NULL,NULL,NULL,'admin','2022-12-12 19:00:00',NULL,NULL),
	(75,24,'SYAFRIDA HANIM, A.Md','197406152010012003','III.A',NULL,'1974-06-15','2010-01-01',58,NULL,NULL,NULL,'admin','2022-12-12 19:00:00',NULL,NULL),
	(76,24,'SRI RAHMADANI','197708222010012002','III.A',NULL,'1977-08-22','2010-01-01',58,NULL,NULL,NULL,'admin','2022-12-12 19:00:00',NULL,NULL),
	(77,24,'AHMAD BUKHARI, S.STP','199605302020081001','III.A',NULL,'1996-05-30','2020-08-01',58,NULL,NULL,NULL,'admin','2022-12-12 19:00:00',NULL,NULL),
	(78,24,'M. FATAH ARRIZKI ,S.T','199602222020121004','III.A',NULL,'1996-02-22','2020-12-01',58,NULL,NULL,NULL,'admin','2022-12-12 19:00:00',NULL,NULL),
	(79,24,'SYAIFUL MAHZAR','196802212006041002','III.A',NULL,'1968-02-21','2006-04-01',58,NULL,NULL,NULL,'admin','2022-12-12 19:00:00',NULL,NULL),
	(80,24,'SUSILAWATI','197608122010012015','III.A',NULL,'1976-08-12','2010-01-01',58,NULL,NULL,NULL,'admin','2022-12-12 19:00:00',NULL,NULL),
	(81,24,'LAILA RAHMI ,S.Sos','199507022019032002','III.A',NULL,'1995-07-02','2019-03-01',58,NULL,NULL,NULL,'admin','2022-12-12 19:00:00',NULL,NULL),
	(82,24,'ILHAMUDDIN NASUTION ,S.H','198803262019031002','III.A',NULL,'1988-03-26','2019-03-01',58,NULL,NULL,NULL,'admin','2022-12-12 19:00:00',NULL,NULL),
	(83,24,'FITRI.ANA','197908142010012024','III.A',NULL,'1979-08-14','2010-01-01',58,NULL,NULL,NULL,'admin','2022-12-12 19:00:00',NULL,NULL),
	(84,24,'HAMDAN, SE','198803022010011006','III.A',NULL,'1988-03-02','2010-01-01',58,NULL,NULL,NULL,'admin','2022-12-12 19:00:00',NULL,NULL),
	(85,24,'ABDUL WAHAB DALIMUNTE ,S.T','198810162019031001','III.A',NULL,'1988-10-16','2019-03-01',58,NULL,NULL,NULL,'admin','2022-12-12 19:00:00',NULL,NULL),
	(86,24,'EKA ZULFANI LOVA','198712012011012017','III.A',NULL,'1987-12-01','2011-01-01',58,NULL,NULL,NULL,'admin','2022-12-12 19:00:00',NULL,NULL),
	(87,24,'DESI HAIRINI','198112082010012022','III.A',NULL,'1981-12-08','2010-01-01',58,NULL,NULL,NULL,'admin','2022-12-12 19:00:00',NULL,NULL),
	(88,24,'RAMAYANTI ,A.Md.KOM','198605122010012042','III.A',NULL,'1986-05-12','2010-01-01',58,NULL,NULL,NULL,'admin','2022-12-12 19:00:00',NULL,NULL),
	(89,24,'AHMAD NAZRIL AUFA TANJUNG ,A.Md','198402232010011016','III.A',NULL,'1984-02-23','2010-01-01',58,NULL,NULL,NULL,'admin','2022-12-12 19:00:00',NULL,NULL),
	(90,24,'DORA SRY HERTINA SARAGI ,SE','198603222010012033','III.A',NULL,'1986-03-22','2010-01-01',58,NULL,NULL,NULL,'admin','2022-12-12 19:00:00',NULL,NULL),
	(91,24,'MONDAY EPIPHANI.AS TARIHORAN ,S.ST','198601122010011018','III.A',NULL,'1986-01-12','2010-01-01',58,NULL,NULL,NULL,'admin','2022-12-12 19:00:00',NULL,NULL),
	(92,24,'HARMI DEDI HIRAWAN, S.P','199012092010011003','III.A',NULL,'1990-12-09','2010-01-01',58,NULL,NULL,NULL,'admin','2022-12-12 19:00:00',NULL,NULL),
	(93,24,'DAVID HUTABALI.AN, SE','198004202010011022','III.A',NULL,'1980-04-20','2010-01-01',58,NULL,NULL,NULL,'admin','2022-12-12 19:00:00',NULL,NULL),
	(94,24,'DEWI NOVIKA SARI','198410062011012029','III.A',NULL,'1984-10-06','2011-01-01',58,NULL,NULL,NULL,'admin','2022-12-12 19:00:00',NULL,NULL),
	(95,24,'LINDA ERIYANTI SIHARMA SIMANJUNTAK ,S.Pt','198404172019032001','III.A',NULL,'1984-04-17','2019-03-01',58,NULL,NULL,NULL,'admin','2022-12-12 19:00:00',NULL,NULL),
	(96,24,'M. FATTAH ARRIZKI, ST','199602222202012100\n04','III.A',NULL,'1996-02-22','2202-01-01',58,NULL,NULL,NULL,'admin','2022-12-12 19:00:00',NULL,NULL),
	(97,24,'AHMAD RANDI OKTAVI.AN ,S.STP','199406062018081001','III.A',NULL,'1994-06-06','2018-08-01',58,NULL,NULL,NULL,'admin','2022-12-12 19:00:00',NULL,NULL),
	(98,24,'BAMBANG NURDI.ANSYAH,SE','198704282019031001','III.A',NULL,'1987-04-28','2019-03-01',58,NULL,NULL,NULL,'admin','2022-12-12 19:00:00',NULL,NULL),
	(99,24,'TETRA NURI TOGI.ANNA BUTAR BUTAR ,SE','198701112019032001','III.A',NULL,'1987-01-11','2019-03-01',58,NULL,NULL,NULL,'admin','2022-12-12 19:00:00',NULL,NULL),
	(100,24,'SURATIK, SE','197501062010012008','III.A',NULL,'1975-01-06','2010-01-01',58,NULL,NULL,NULL,'admin','2022-12-12 19:00:00',NULL,NULL),
	(101,24,'DANI SAPUTRA','199103212010011001','III.A',NULL,'1991-03-21','2010-01-01',58,NULL,NULL,NULL,'admin','2022-12-12 19:00:00',NULL,NULL),
	(102,24,'NURUL ALFIYAH S.Pd','198808052014032003','III.A',NULL,'1988-08-05','2014-03-01',58,NULL,NULL,NULL,'admin','2022-12-12 19:00:00',NULL,NULL),
	(103,24,'ANITA SAFITRI','198808262014032002','III.A',NULL,'1988-08-26','2014-03-01',58,NULL,NULL,NULL,'admin','2022-12-12 19:00:00',NULL,NULL),
	(104,24,'MADAN SYAPUTRA SAGALA ,A.Md','198804262010011005','III.A',NULL,'1988-04-26','2010-01-01',58,NULL,NULL,NULL,'admin','2022-12-12 19:00:00',NULL,NULL),
	(105,24,'SELAMAT MANIK ,A.Md','198712292010011006','II.D',NULL,'1987-12-29','2010-01-01',58,NULL,NULL,NULL,'admin','2022-12-12 19:00:00',NULL,NULL),
	(106,24,'HARLY RAMADONA','198505062010011016','II.C',NULL,'1985-05-06','2010-01-01',58,NULL,NULL,NULL,'admin','2022-12-12 19:00:00',NULL,NULL),
	(107,24,'SUMIRAH','198111172010012017','II.C',NULL,'1981-11-17','2010-01-01',58,NULL,NULL,NULL,'admin','2022-12-12 19:00:00',NULL,NULL),
	(108,24,'DEDI ISKANDAR','198502202010011018','II.C',NULL,'1985-02-20','2010-01-01',58,NULL,NULL,NULL,'admin','2022-12-12 19:00:00',NULL,NULL),
	(109,24,'YESSI WAHYUNI','198106242010012017','II.C',NULL,'1981-06-24','2010-01-01',58,NULL,NULL,NULL,'admin','2022-12-12 19:00:00',NULL,NULL),
	(110,24,'ROSMAINI HARAHAP','198505012010012036','II.C',NULL,'1985-05-01','2010-01-01',58,NULL,NULL,NULL,'admin','2022-12-12 19:00:00',NULL,NULL),
	(111,24,'GUNAWAN','198909052010011001','II.C',NULL,'1989-09-05','2010-01-01',58,NULL,NULL,NULL,'admin','2022-12-12 19:00:00',NULL,NULL),
	(112,24,'SRI HAMSYAHATI','198412102010012036','II.C',NULL,'1984-12-10','2010-01-01',58,NULL,NULL,NULL,'admin','2022-12-12 19:00:00',NULL,NULL),
	(113,24,'RONALD SIMARMATA','198607312010011011','II.C',NULL,'1986-07-31','2010-01-01',58,NULL,NULL,NULL,'admin','2022-12-12 19:00:00',NULL,NULL),
	(114,24,'MARI.ATI GULTOM','199101182011012002','II.C',NULL,'1991-01-18','2011-01-01',58,NULL,NULL,NULL,'admin','2022-12-12 19:00:00',NULL,NULL),
	(115,24,'MAHIT','198007082010011020','II.C',NULL,'1980-07-08','2010-01-01',58,NULL,NULL,NULL,'admin','2022-12-12 19:00:00',NULL,NULL),
	(116,24,'MEGAWATI','198209142010012014','II.C',NULL,'1982-09-14','2010-01-01',58,NULL,NULL,NULL,'admin','2022-12-12 19:00:00',NULL,NULL),
	(117,24,'MARTIN JUANDA','198303032010011034','II.C',NULL,'1983-03-03','2010-01-01',58,NULL,NULL,NULL,'admin','2022-12-12 19:00:00',NULL,NULL),
	(118,24,'BUDI IRAWAN','197905022014031001','II.C',NULL,'1979-05-02','2014-03-01',58,NULL,NULL,NULL,'admin','2022-12-12 19:00:00',NULL,NULL),
	(119,24,'DEDI IRWAN','198812292010011003','II.B',NULL,'1988-12-29','2010-01-01',58,NULL,NULL,NULL,'admin','2022-12-12 19:00:00',NULL,NULL),
	(120,24,'HADI IDRIS','199505062014031001','II.A',NULL,'1995-05-06','2014-03-01',58,NULL,NULL,NULL,'admin','2022-12-12 19:00:00',NULL,NULL),
	(121,29,'MHD. DAUD, S.Pd, SH, MM','197212011996111001','IV.B','ESELON II','1972-12-01','1996-11-01',60,NULL,NULL,NULL,'admin','2022-12-12 19:00:00',NULL,NULL),
	(122,29,'ELVI SUSANTI, SE, M.Si','197903242011012006','III.D','ESELON III','1979-03-24','2011-01-01',58,NULL,NULL,NULL,'admin','2022-12-12 19:00:00',NULL,NULL),
	(123,29,'ARI HAZIZI ,S.T','198309092010011020','III.D','ESELON III','1983-09-09','2010-01-01',58,NULL,NULL,NULL,'admin','2022-12-12 19:00:00',NULL,NULL),
	(124,29,'DEDE IRFAN, SH','198409192011011009','III.D','ESELON III','1984-09-19','2011-01-01',58,NULL,NULL,NULL,'admin','2022-12-12 19:00:00',NULL,NULL),
	(125,29,'SATNUR RAHMA YANTI ,SS','198207172011032001','III.D','ESELON IV','1982-07-17','2011-03-01',58,NULL,NULL,NULL,'admin','2022-12-12 19:00:00',NULL,NULL),
	(126,29,'ISWAN ,SH.I','198609102010011016','III.D','ESELON IV','1986-09-10','2010-01-01',58,NULL,NULL,NULL,'admin','2022-12-12 19:00:00',NULL,NULL),
	(127,29,'PATIGOR, S.Sos','198501062010011017','III.D','ESELON IV','1985-01-06','2010-01-01',58,NULL,NULL,NULL,'admin','2022-12-12 19:00:00',NULL,NULL),
	(128,29,'EVI RAFDA ARYANI ,SE','197709292010012014','III.D','ESELON IV','1977-09-29','2010-01-01',58,NULL,NULL,NULL,'admin','2022-12-12 19:00:00',NULL,NULL),
	(129,29,'MUHAMMAD FIRDAUS ,S.Pd, S.H','198609032011011017','III.C','ESELON III','1986-09-03','2011-01-01',58,NULL,NULL,NULL,'admin','2022-12-12 19:00:00',NULL,NULL),
	(130,29,'AWINSYAH PUTRA ,SE','198701132010011009','III.C','ESELON III','1987-01-13','2010-01-01',58,NULL,NULL,NULL,'admin','2022-12-12 19:00:00',NULL,NULL),
	(131,29,'GUNTUR MAHENDRA KESUMA, SE','198204242011011014','III.C','ESELON IV','1982-04-24','2011-01-01',58,NULL,NULL,NULL,'admin','2022-12-12 19:00:00',NULL,NULL),
	(132,29,'DONI IRAWAN, S.A.P','198805252010011006','III.C','ESELON IV','1988-05-25','2010-01-01',58,NULL,NULL,NULL,'admin','2022-12-12 19:00:00',NULL,NULL),
	(133,29,'LISMAWATI, SE','198101232010012018','III.B','ESELON IV','1981-01-23','2010-01-01',58,NULL,NULL,NULL,'admin','2022-12-12 19:00:00',NULL,NULL),
	(134,29,'YUDHA VANDELLON SIREGAR ,A.Md','198708132010011009','III.A','ESELON IV','1987-08-13','2010-01-01',58,NULL,NULL,NULL,'admin','2022-12-12 19:00:00',NULL,NULL),
	(135,29,'ERI SUPRAYOGI ARDI ,A.Md','198902152014031002','III.A',NULL,'1989-02-15','2014-03-01',58,NULL,NULL,NULL,'admin','2022-12-12 19:00:00',NULL,NULL),
	(136,29,'WULANDARI, S.Pi','199410282014032001','III.A',NULL,'1994-10-28','2014-03-01',58,NULL,NULL,NULL,'admin','2022-12-12 19:00:00',NULL,NULL),
	(137,29,'FERRY GUSTI.ANDI DAMANIK ,S.M','198912222010011001','III.A',NULL,'1989-12-22','2010-01-01',58,NULL,NULL,NULL,'admin','2022-12-12 19:00:00',NULL,NULL),
	(138,29,'FERI SAPUTRA ,S.H','199101312011011002','III.A',NULL,'1991-01-31','2011-01-01',58,NULL,NULL,NULL,'admin','2022-12-12 19:00:00',NULL,NULL),
	(139,29,'SYARKAWI, SH','198410172011011009','III.A',NULL,'1984-10-17','2011-01-01',58,NULL,NULL,NULL,'admin','2022-12-12 19:00:00',NULL,NULL),
	(140,29,'ESTI PARAMITA, S.M.','199612012019032002','III.A',NULL,'1996-12-01','2019-03-01',58,NULL,NULL,NULL,'admin','2022-12-12 19:00:00',NULL,NULL),
	(141,29,'SUSI SUGI.ANI, S.Pi','199205122014032001','III.A',NULL,'1992-05-12','2014-03-01',58,NULL,NULL,NULL,'admin','2022-12-12 19:00:00',NULL,NULL),
	(142,29,'ATIKA BUDI UTAMI ,A.Md','197909132011012002','III.A',NULL,'1979-09-13','2011-01-01',58,NULL,NULL,NULL,'admin','2022-12-12 19:00:00',NULL,NULL),
	(143,29,'DIMAS PINSU MASTIO ,A.Md','198504222010011015','III.A',NULL,'1985-04-22','2010-01-01',58,NULL,NULL,NULL,'admin','2022-12-12 19:00:00',NULL,NULL),
	(144,29,'RI.A SYASMITA, AMd','198501272014032001','III.A',NULL,'1985-01-27','2014-03-01',58,NULL,NULL,NULL,'admin','2022-12-12 19:00:00',NULL,NULL),
	(145,29,'MAULANA GUMANTI SITORUS','198903232014031002','II.B',NULL,'1989-03-23','2014-03-01',58,NULL,NULL,NULL,'admin','2022-12-12 19:00:00',NULL,NULL),
	(146,25,'AGUS ANDIKA ,S.Sos,M.Si','198008172005021002','IV.B','ESELON II','1980-08-17','2005-02-01',60,NULL,NULL,NULL,'admin','2022-12-12 19:00:00',NULL,NULL),
	(147,25,'MUKHYAR SULAIMAN','196405151985031006','IV.B','ESELON III','1964-05-15','1985-03-01',58,NULL,NULL,NULL,'admin','2022-12-12 19:00:00',NULL,NULL),
	(148,25,'ASNI ,SH','196612131990072001','IV.A','ESELON III','1966-12-13','1990-07-01',58,NULL,NULL,NULL,'admin','2022-12-12 19:00:00',NULL,NULL),
	(149,25,'SOEFA MEYLITA AZANI ,SE','198205112011012006','III.D','ESELON III','1982-05-11','2011-01-01',58,NULL,NULL,NULL,'admin','2022-12-12 19:00:00',NULL,NULL),
	(150,25,'IZHAR FAUZI ,SH','198710172011011010','III.D','ESELON IV','1987-10-17','2011-01-01',58,NULL,NULL,NULL,'admin','2022-12-12 19:00:00',NULL,NULL),
	(151,25,'FARIDAH ARYANI ,SH','196508161986022003','III.D','ESELON IV','1965-08-16','1986-02-01',58,NULL,NULL,NULL,'admin','2022-12-12 19:00:00',NULL,NULL),
	(152,25,'MAILIDA HASIBUAN ,SKM','197105291996032003','III.D','ESELON IV','1971-05-29','1996-03-01',58,NULL,NULL,NULL,'admin','2022-12-12 19:00:00',NULL,NULL),
	(153,25,'INDAH WIDYASTUTI ,S.Si','198008222005022002','III.D','ESELON IV','1980-08-22','2005-02-01',58,NULL,NULL,NULL,'admin','2022-12-12 19:00:00',NULL,NULL),
	(154,25,'SUHERIYANTO WIJAYA','197810232011011004','III.C','ESELON IV','1978-10-23','2011-01-01',58,NULL,NULL,NULL,'admin','2022-12-12 19:00:00',NULL,NULL),
	(155,25,'HADI YAHYA','198705022010011010','III.C',NULL,'1987-05-02','2010-01-01',58,NULL,NULL,NULL,'admin','2022-12-12 19:00:00',NULL,NULL),
	(156,25,'MURTIMBUL LI.ASTRY, ST.MM','197905052010012021','III.B',NULL,'1979-05-05','2010-01-01',58,NULL,NULL,NULL,'admin','2022-12-12 19:00:00',NULL,NULL),
	(157,25,'YUNI MAHFUZA ,SE','198706172010012026','III.B',NULL,'1987-06-17','2010-01-01',58,NULL,NULL,NULL,'admin','2022-12-12 19:00:00',NULL,NULL),
	(158,25,'MUHAMMAD FAUZY SIREGAR','198702082010011007','III.B',NULL,'1987-02-08','2010-01-01',58,NULL,NULL,NULL,'admin','2022-12-12 19:00:00',NULL,NULL),
	(159,25,'AHMAD RIDWAN LUBIS ,S.H','198201282010011012','III.B',NULL,'1982-01-28','2010-01-01',58,NULL,NULL,NULL,'admin','2022-12-12 19:00:00',NULL,NULL),
	(160,25,'LILI OKTAFI.ANI','198210252010012024','III.B',NULL,'1982-10-25','2010-01-01',58,NULL,NULL,NULL,'admin','2022-12-12 19:00:00',NULL,NULL),
	(161,25,'VERA KARTIKA ,SE','198105262010012023','III.B',NULL,'1981-05-26','2010-01-01',58,NULL,NULL,NULL,'admin','2022-12-12 19:00:00',NULL,NULL),
	(162,25,'DAHRI ISKANDAR LUBIS ,S.AP','199212222011011001','III.B',NULL,'1992-12-22','2011-01-01',58,NULL,NULL,NULL,'admin','2022-12-12 19:00:00',NULL,NULL),
	(163,25,'ERNA SYAHRANI NASUTION','198107232014032001','III.A',NULL,'1981-07-23','2014-03-01',58,NULL,NULL,NULL,'admin','2022-12-12 19:00:00',NULL,NULL),
	(164,25,'MARDI.AH,SE','199207022019032004','III.A',NULL,'1992-07-02','2019-03-01',58,NULL,NULL,NULL,'admin','2022-12-12 19:00:00',NULL,NULL),
	(165,25,'MUHAMMAD ASWAD','199002022010011001','III.A',NULL,'1990-02-02','2010-01-01',58,NULL,NULL,NULL,'admin','2022-12-12 19:00:00',NULL,NULL),
	(166,25,'MHD. ARBI.ANSYAH PUTRA SIREGAR','199101182011011001','III.A',NULL,'1991-01-18','2011-01-01',58,NULL,NULL,NULL,'admin','2022-12-12 19:00:00',NULL,NULL),
	(167,25,'RIZKY NAZLI.AMRI PANJAITAN, A.Md','198909062014031001','II.D',NULL,'1989-09-06','2014-03-01',58,NULL,NULL,NULL,'admin','2022-12-12 19:00:00',NULL,NULL),
	(168,25,'BETTY SIMANUNGKALIT ,A.Md','197909282010012008','II.D',NULL,'1979-09-28','2010-01-01',58,NULL,NULL,NULL,'admin','2022-12-12 19:00:00',NULL,NULL),
	(169,25,'SYAMSUL BAHRI','196709082006041004','II.C',NULL,'1967-09-08','2006-04-01',58,NULL,NULL,NULL,'admin','2022-12-12 19:00:00',NULL,NULL),
	(170,25,'SYAHRUN DAMANIK','197707202010011022','II.B',NULL,'1977-07-20','2010-01-01',58,NULL,NULL,NULL,'admin','2022-12-12 19:00:00',NULL,NULL),
	(171,25,'ADITYA PERMADI','199104112010011001','II.A',NULL,'1991-04-11','2010-01-01',58,NULL,NULL,NULL,'admin','2022-12-12 19:00:00',NULL,NULL),
	(172,30,'NORMA DELI SIREGAR , SE, MM','196510051995032001','IV.C','ESELON II','1965-10-05','1995-03-01',60,NULL,NULL,NULL,'admin','2022-12-12 19:00:00',NULL,NULL),
	(173,30,'KOLMAN PARLINDUNGAN MANURUNG ,SH','196511091993011002','IV.B','ESELON III','1965-11-09','1993-01-01',58,NULL,NULL,NULL,'admin','2022-12-12 19:00:00',NULL,NULL),
	(174,30,'HASRUL IRFAN ,S.Kom,MM','198312152008041001','IV.A','ESELON III','1983-12-15','2008-04-01',58,NULL,NULL,NULL,'admin','2022-12-12 19:00:00',NULL,NULL),
	(175,30,'RUBI ANTO SARI SIBORO ,ST','197912132008041001','IV.A','ESELON III','1979-12-13','2008-04-01',58,NULL,NULL,NULL,'admin','2022-12-12 19:00:00',NULL,NULL),
	(176,30,'NOVITA ANDRI.ANI SARAGIH ,SE,AK,MM','197811012008032001','IV.A','ESELON III','1978-11-01','2008-03-01',58,NULL,NULL,NULL,'admin','2022-12-12 19:00:00',NULL,NULL),
	(177,30,'SABRI ,SH','196603091991031002','IV.A',NULL,'1966-03-09','1991-03-01',58,NULL,NULL,NULL,'admin','2022-12-12 19:00:00',NULL,NULL),
	(178,30,'ALMAN TJAPAH ,SH','197008232010011001','III.D','ESELON III','1970-08-23','2010-01-01',58,NULL,NULL,NULL,'admin','2022-12-12 19:00:00',NULL,NULL),
	(179,30,'JUMALI, S.HI,MM','197803042010011009','III.D','ESELON III','1978-03-04','2010-01-01',58,NULL,NULL,NULL,'admin','2022-12-12 19:00:00',NULL,NULL),
	(180,30,'BENNI IRWAN DAULAY, S.Sos.MM','197510182009011001','III.D','ESELON IV','1975-10-18','2009-01-01',58,NULL,NULL,NULL,'admin','2022-12-12 19:00:00',NULL,NULL),
	(181,30,'SURI.ATI MARPAUNG ,SE,M.M','197308182008042001','III.D','ESELON IV','1973-08-18','2008-04-01',58,NULL,NULL,NULL,'admin','2022-12-12 19:00:00',NULL,NULL),
	(182,30,'HANDY ADITI.A KUSUMA ,S.Pi, MM','197801112009031003','III.D',NULL,'1978-01-11','2009-03-01',58,NULL,NULL,NULL,'admin','2022-12-12 19:00:00',NULL,NULL),
	(183,30,'FATIMAH ZAHRA ,SE','197806132010012011','III.D',NULL,'1978-06-13','2010-01-01',58,NULL,NULL,NULL,'admin','2022-12-12 19:00:00',NULL,NULL),
	(184,30,'EFENDI GEE ,SE','198207032010011027','III.D',NULL,'1982-07-03','2010-01-01',58,NULL,NULL,NULL,'admin','2022-12-12 19:00:00',NULL,NULL),
	(185,30,'SULI.AH, SP','197303171992032002','III.D',NULL,'1973-03-17','1992-03-01',58,NULL,NULL,NULL,'admin','2022-12-12 19:00:00',NULL,NULL),
	(186,30,'IRNA DEVIENI SIREGAR ,S.Si,MM','198311122010012033','III.C',NULL,'1983-11-12','2010-01-01',58,NULL,NULL,NULL,'admin','2022-12-12 19:00:00',NULL,NULL),
	(187,30,'DAHLI.ANA SIREGAR ,SE, MM','198302142009032014','III.C',NULL,'1983-02-14','2009-03-01',58,NULL,NULL,NULL,'admin','2022-12-12 19:00:00',NULL,NULL),
	(188,30,'CHARLES NADEAK ,S.Sos','198106062009031008','III.C',NULL,'1981-06-06','2009-03-01',58,NULL,NULL,NULL,'admin','2022-12-12 19:00:00',NULL,NULL),
	(189,30,'TAUFIK ORYZA LUBIS ,SH','198310072010011023','III.C',NULL,'1983-10-07','2010-01-01',58,NULL,NULL,NULL,'admin','2022-12-12 19:00:00',NULL,NULL),
	(190,30,'YAYAN GUNAWAN, SE','198608112010011011','III.B',NULL,'1986-08-11','2010-01-01',58,NULL,NULL,NULL,'admin','2022-12-12 19:00:00',NULL,NULL),
	(191,30,'HUSNUL FADILAH ,SE,MM','198411222010012028','III.B',NULL,'1984-11-22','2010-01-01',58,NULL,NULL,NULL,'admin','2022-12-12 19:00:00',NULL,NULL),
	(192,30,'MUHAMMAD IRSAN PARINDURI ,SE','198202122010011031','III.B',NULL,'1982-02-12','2010-01-01',58,NULL,NULL,NULL,'admin','2022-12-12 19:00:00',NULL,NULL),
	(193,30,'DENI KARLI, S.Pd.MM','199108102014031002','III.B',NULL,'1991-08-10','2014-03-01',58,NULL,NULL,NULL,'admin','2022-12-12 19:00:00',NULL,NULL),
	(194,30,'MHD. RIZA,ST','198908152010011001','III.B',NULL,'1989-08-15','2010-01-01',58,NULL,NULL,NULL,'admin','2022-12-12 19:00:00',NULL,NULL),
	(195,30,'MUHAMMAD ALDY,SE','199009012011011003','III.A',NULL,'1990-09-01','2011-01-01',58,NULL,NULL,NULL,'admin','2022-12-12 19:00:00',NULL,NULL),
	(196,30,'HANDRI SYAHPUTRA,SST','197901232011011007','III.A',NULL,'1979-01-23','2011-01-01',58,NULL,NULL,NULL,'admin','2022-12-12 19:00:00',NULL,NULL),
	(197,30,'HERI WAHYUNI ,A.Md.Par','198607112010012019','III.A',NULL,'1986-07-11','2010-01-01',58,NULL,NULL,NULL,'admin','2022-12-12 19:00:00',NULL,NULL),
	(198,30,'MUHAMMAD NUR,ST','197612102010011017','III.A',NULL,'1976-12-10','2010-01-01',58,NULL,NULL,NULL,'admin','2022-12-12 19:00:00',NULL,NULL),
	(199,30,'MUHAMMAD TOHA','197202232010011001','II.C',NULL,'1972-02-23','2010-01-01',58,NULL,NULL,NULL,'admin','2022-12-12 19:00:00',NULL,NULL),
	(200,30,'FRISKA ERNAWATI SITORUS','198812132010012002','II.C',NULL,'1988-12-13','2010-01-01',58,NULL,NULL,NULL,'admin','2022-12-12 19:00:00',NULL,NULL),
	(201,30,'HENDRA PRAKASA','198103032010011023','II.C',NULL,'1981-03-03','2010-01-01',58,NULL,NULL,NULL,'admin','2022-12-12 19:00:00',NULL,NULL),
	(202,1,'ILYAS S. SITORUS, SE, M.Pd','196701191988031002','IV.C','ESELON II','1967-01-19','1988-03-01',60,NULL,NULL,NULL,'admin','2022-12-12 19:00:00',NULL,NULL),
	(203,1,'Drs. DARWINSON TUMANGGOR, M.Si','196601071995121001','IV.B','ESELON II','1966-01-07','1995-12-01',60,NULL,NULL,NULL,'admin','2022-12-12 19:00:00',NULL,NULL),
	(204,1,'RUSLAN, S.Pd, M.Si','196612081996031002','IV.B',NULL,'1966-12-08','1996-03-01',58,NULL,NULL,NULL,'admin','2022-12-12 19:00:00',NULL,NULL),
	(205,1,'Drs. NAEK PANJAITAN, M.Si','197110091995121001','IV.B',NULL,'1971-10-09','1995-12-01',58,NULL,NULL,NULL,'admin','2022-12-12 19:00:00',NULL,NULL),
	(206,1,'SOLIHIN, S.Pd','196801091996111001','IV.B',NULL,'1968-01-09','1996-11-01',58,NULL,NULL,NULL,'admin','2022-12-12 19:00:00',NULL,NULL),
	(207,1,'AJIN SIMANJUNTAK, S. Pd','196307131986041001','IV.B',NULL,'1963-07-13','1986-04-01',58,NULL,NULL,NULL,'admin','2022-12-12 19:00:00',NULL,NULL),
	(208,1,'AHMAD NASIR NASUTION, S.Pd','196205091984041002','IV.B',NULL,'1962-05-09','1984-04-01',58,NULL,NULL,NULL,'admin','2022-12-12 19:00:00',NULL,NULL),
	(209,1,'UMMI KALSUM ,S.Pd','196701111990072001','IV.B',NULL,'1967-01-11','1990-07-01',58,NULL,NULL,NULL,'admin','2022-12-12 19:00:00',NULL,NULL),
	(210,1,'KHOLID, S.Pd','196312031986041001','IV.B',NULL,'1963-12-03','1986-04-01',58,NULL,NULL,NULL,'admin','2022-12-12 19:00:00',NULL,NULL),
	(211,1,'KRISNAWATI ,A.Ma.Pd','196202221982012001','IV.B',NULL,'1962-02-22','1982-01-01',58,NULL,NULL,NULL,'admin','2022-12-12 19:00:00',NULL,NULL),
	(212,1,'MOH. HUSIN ,S.Pd','196405221987121001','IV.B',NULL,'1964-05-22','1987-12-01',58,NULL,NULL,NULL,'admin','2022-12-12 19:00:00',NULL,NULL),
	(213,1,'NURI.AH ,S.Pd','196804061992032002','IV.B',NULL,'1968-04-06','1992-03-01',58,NULL,NULL,NULL,'admin','2022-12-12 19:00:00',NULL,NULL),
	(214,1,'RISMAYATI, S.Pd','196205051986042004','IV.B',NULL,'1962-05-05','1986-04-01',58,NULL,NULL,NULL,'admin','2022-12-12 19:00:00',NULL,NULL),
	(215,1,'ROSMINTA NAINGGOLAN,S.Pd','196212181980122001','IV.B',NULL,'1962-12-18','1980-12-01',58,NULL,NULL,NULL,'admin','2022-12-12 19:00:00',NULL,NULL),
	(216,1,'SAIRIN, S.Pd.SD','197106211993051001','IV.B',NULL,'1971-06-21','1993-05-01',58,NULL,NULL,NULL,'admin','2022-12-12 19:00:00',NULL,NULL),
	(217,1,'SALMI.AH,S.Pd','196511191986042002','IV.B',NULL,'1965-11-19','1986-04-01',58,NULL,NULL,NULL,'admin','2022-12-12 19:00:00',NULL,NULL),
	(218,1,'SAMI.AN AMRI PURBA ,S.Pd','196904151993021001','IV.B',NULL,'1969-04-15','1993-02-01',58,NULL,NULL,NULL,'admin','2022-12-12 19:00:00',NULL,NULL),
	(219,1,'SUDUNG SIRAIT','196601051989031005','IV.B',NULL,'1966-01-05','1989-03-01',58,NULL,NULL,NULL,'admin','2022-12-12 19:00:00',NULL,NULL),
	(220,1,'TIMAYAR, S. Pd','196507281987122002','IV.B',NULL,'1965-07-28','1987-12-01',58,NULL,NULL,NULL,'admin','2022-12-12 19:00:00',NULL,NULL),
	(221,1,'BOTLAN SIRAIT ,S.Th','196302071988031004','IV.B',NULL,'1963-02-07','1988-03-01',58,NULL,NULL,NULL,'admin','2022-12-12 19:00:00',NULL,NULL),
	(222,1,'DONNA LINDAWATI ,S.Pd,M.Pd','196305281985032006','IV.B',NULL,'1963-05-28','1985-03-01',58,NULL,NULL,NULL,'admin','2022-12-12 19:00:00',NULL,NULL),
	(223,1,'Drs, IRWANSYAH','196603231988121001','IV.B',NULL,'1966-03-23','1988-12-01',58,NULL,NULL,NULL,'admin','2022-12-12 19:00:00',NULL,NULL),
	(224,1,'JOHNSON SIMAMORA ,S.Pd, MM','196606021991031004','IV.B',NULL,'1966-06-02','1991-03-01',58,NULL,NULL,NULL,'admin','2022-12-12 19:00:00',NULL,NULL),
	(225,1,'LISNANI LINDA SITINJAK, S. Pd. MM','196206031984032003','IV.B',NULL,'1962-06-03','1984-03-01',58,NULL,NULL,NULL,'admin','2022-12-12 19:00:00',NULL,NULL),
	(226,1,'Drs, OSMAR SAGALA','196604301997021001','IV.B',NULL,'1966-04-30','1997-02-01',58,NULL,NULL,NULL,'admin','2022-12-12 19:00:00',NULL,NULL),
	(227,1,'PEPI MANJA','196806241995122001','IV.B',NULL,'1968-06-24','1995-12-01',58,NULL,NULL,NULL,'admin','2022-12-12 19:00:00',NULL,NULL),
	(228,1,'RATNA HURI ,S.Pd','196904281994122001','IV.B',NULL,'1969-04-28','1994-12-01',58,NULL,NULL,NULL,'admin','2022-12-12 19:00:00',NULL,NULL),
	(229,1,'RESMAWATI ,S.Pd','196212311987122006','IV.B',NULL,'1962-12-31','1987-12-01',58,NULL,NULL,NULL,'admin','2022-12-12 19:00:00',NULL,NULL),
	(230,1,'ROHANI ,S.Pd','196207051984032002','IV.B',NULL,'1962-07-05','1984-03-01',58,NULL,NULL,NULL,'admin','2022-12-12 19:00:00',NULL,NULL),
	(231,1,'ROPIN SIGALINGGING, S.Pd. M. Pd','197307252000121002','IV.B',NULL,'1973-07-25','2000-12-01',58,NULL,NULL,NULL,'admin','2022-12-12 19:00:00',NULL,NULL),
	(232,1,'SINTESE SITOMPUL','196710201991032007','IV.B',NULL,'1967-10-20','1991-03-01',58,NULL,NULL,NULL,'admin','2022-12-12 19:00:00',NULL,NULL),
	(233,1,'SUSI.ATI, S.PD.,MM','196804011992032004','IV.B',NULL,'1968-04-01','1992-03-01',58,NULL,NULL,NULL,'admin','2022-12-12 19:00:00',NULL,NULL),
	(234,1,'NETTI SIMANJUNTAK ,S.Pd','196707141994122001','IV.B',NULL,'1967-07-14','1994-12-01',58,NULL,NULL,NULL,'admin','2022-12-12 19:00:00',NULL,NULL),
	(235,1,'KASRI.ATUN ,S.Pd','196202121985082001','IV.B',NULL,'1962-02-12','1985-08-01',58,NULL,NULL,NULL,'admin','2022-12-12 19:00:00',NULL,NULL),
	(236,1,'LAJI NURAINI SIREGAR ,S.Pd','196202271986042003','IV.B',NULL,'1962-02-27','1986-04-01',58,NULL,NULL,NULL,'admin','2022-12-12 19:00:00',NULL,NULL),
	(237,1,'KHAIRUL,S.PD','196208281986011002','IV.B',NULL,'1962-08-28','1986-01-01',58,NULL,NULL,NULL,'admin','2022-12-12 19:00:00',NULL,NULL),
	(238,1,'NURMI.AN AMBARITA','196301031986042001','IV.B',NULL,'1963-01-03','1986-04-01',58,NULL,NULL,NULL,'admin','2022-12-12 19:00:00',NULL,NULL),
	(239,1,'JANNAH','196306051984042002','IV.B',NULL,'1963-06-05','1984-04-01',58,NULL,NULL,NULL,'admin','2022-12-12 19:00:00',NULL,NULL),
	(240,1,'GUNAR SENIMAN NAINGGOLAN','197011141998021006','IV.B',NULL,'1970-11-14','1998-02-01',58,NULL,NULL,NULL,'admin','2022-12-12 19:00:00',NULL,NULL),
	(241,1,'HEDDI OMPUSUNGGU','196308091983042001','IV.B',NULL,'1963-08-09','1983-04-01',58,NULL,NULL,NULL,'admin','2022-12-12 19:00:00',NULL,NULL),
	(242,1,'SUDARSONO','196205041983041001','IV.A',NULL,'1962-05-04','1983-04-01',58,NULL,NULL,NULL,'admin','2022-12-12 19:00:00',NULL,NULL),
	(243,1,'SYAHRUL ,S.Ag,MA','196512312006041060','IV.A',NULL,'1965-12-31','2006-04-01',58,NULL,NULL,NULL,'admin','2022-12-12 19:00:00',NULL,NULL),
	(244,1,'ROISYAH ,S.Pd','196309101987012001','IV.A',NULL,'1963-09-10','1987-01-01',58,NULL,NULL,NULL,'admin','2022-12-12 19:00:00',NULL,NULL),
	(245,1,'LUHUTAN SIMANGUNGSONG','196406061986041004','IV.A',NULL,'1964-06-06','1986-04-01',58,NULL,NULL,NULL,'admin','2022-12-12 19:00:00',NULL,NULL),
	(246,1,'SOFYAN SIHOTANG','196509081985081001','IV.A',NULL,'1965-09-08','1985-08-01',58,NULL,NULL,NULL,'admin','2022-12-12 19:00:00',NULL,NULL),
	(247,1,'KABTI.AH','196105221979092001','IV.A',NULL,'1961-05-22','1979-09-01',58,NULL,NULL,NULL,'admin','2022-12-12 19:00:00',NULL,NULL),
	(248,1,'NERMI.ATI','196004031979032001','IV.A',NULL,'1960-04-03','1979-03-01',58,NULL,NULL,NULL,'admin','2022-12-12 19:00:00',NULL,NULL),
	(249,1,'PARGAULAN SI.AGI.AN','196106161982012006','IV.A',NULL,'1961-06-16','1982-01-01',58,NULL,NULL,NULL,'admin','2022-12-12 19:00:00',NULL,NULL),
	(250,1,'ATI LINCE NURHAYATI','196111251986042001','IV.A',NULL,'1961-11-25','1986-04-01',58,NULL,NULL,NULL,'admin','2022-12-12 19:00:00',NULL,NULL),
	(251,1,'KURNI.AWATI','196601011987022001','IV.A',NULL,'1966-01-01','1987-02-01',58,NULL,NULL,NULL,'admin','2022-12-12 19:00:00',NULL,NULL),
	(252,1,'IRWAN SULAIMAN','196501011990071001','IV.A',NULL,'1965-01-01','1990-07-01',58,NULL,NULL,NULL,'admin','2022-12-12 19:00:00',NULL,NULL),
	(253,1,'RISWANDI','196511111990071002','IV.A',NULL,'1965-11-11','1990-07-01',58,NULL,NULL,NULL,'admin','2022-12-12 19:00:00',NULL,NULL),
	(254,1,'SELMI SITUMORANG','196704081992032004','IV.A',NULL,'1967-04-08','1992-03-01',58,NULL,NULL,NULL,'admin','2022-12-12 19:00:00',NULL,NULL),
	(255,1,'NURHAMIDAH','196610111987122002','IV.A',NULL,'1966-10-11','1987-12-01',58,NULL,NULL,NULL,'admin','2022-12-12 19:00:00',NULL,NULL),
	(256,1,'RISMAIDA HOTMAULI SARAGIH','196701081991032001','IV.A',NULL,'1967-01-08','1991-03-01',58,NULL,NULL,NULL,'admin','2022-12-12 19:00:00',NULL,NULL),
	(257,1,'MARICE HUTAGALUNG','196202261984042001','IV.A',NULL,'1962-02-26','1984-04-01',58,NULL,NULL,NULL,'admin','2022-12-12 19:00:00',NULL,NULL),
	(258,1,'ROSTI.ANA NAINGGOLAN','196011151983042002','IV.A',NULL,'1960-11-15','1983-04-01',58,NULL,NULL,NULL,'admin','2022-12-12 19:00:00',NULL,NULL),
	(259,1,'SAFRI.AL, M.Kom','197602022009031005','III.D','ESELON III','1976-02-02','2009-03-01',58,NULL,NULL,NULL,'admin','2022-12-12 19:00:00',NULL,NULL),
	(260,1,'AHMADI IKHWAN, S.Pd, M.M','197701162008011001','III.D','ESELON IV','1977-01-16','2008-01-01',58,NULL,NULL,NULL,'admin','2022-12-12 19:00:00',NULL,NULL),
	(261,1,'ARDAT, M.Pd','198103022006041005','III.D','ESELON IV','1981-03-02','2006-04-01',58,NULL,NULL,NULL,'admin','2022-12-12 19:00:00',NULL,NULL),
	(262,1,'HASBULLAH, S.Pd, M.Pd','198106202009031003','III.D','ESELON IV','1981-06-20','2009-03-01',58,NULL,NULL,NULL,'admin','2022-12-12 19:00:00',NULL,NULL),
	(263,1,'ERWIN PUTRA, S.Sos, M.Si','197511082010011009','III.D','ESELON IV','1975-11-08','2010-01-01',58,NULL,NULL,NULL,'admin','2022-12-12 19:00:00',NULL,NULL),
	(264,1,'ROTUA PULUNGAN, S.Pd','197802252005022001','III.D','ESELON IV','1978-02-25','2005-02-01',58,NULL,NULL,NULL,'admin','2022-12-12 19:00:00',NULL,NULL),
	(265,1,'NURAINI ,S.Pd','196207091987032007','III.D',NULL,'1962-07-09','1987-03-01',58,NULL,NULL,NULL,'admin','2022-12-12 19:00:00',NULL,NULL),
	(266,1,'LAILATUL HUSNA','197903272010012012','III.D',NULL,'1979-03-27','2010-01-01',58,NULL,NULL,NULL,'admin','2022-12-12 19:00:00',NULL,NULL),
	(267,1,'NURUL HUDDAH','196508291989032004','III.D',NULL,'1965-08-29','1989-03-01',58,NULL,NULL,NULL,'admin','2022-12-12 19:00:00',NULL,NULL),
	(268,1,'PANDAPOTAN SI.AHAAN','196508281986021002','III.D',NULL,'1965-08-28','1986-02-01',58,NULL,NULL,NULL,'admin','2022-12-12 19:00:00',NULL,NULL),
	(269,1,'RUSYANI','196405111987122002','III.D',NULL,'1964-05-11','1987-12-01',58,NULL,NULL,NULL,'admin','2022-12-12 19:00:00',NULL,NULL),
	(270,1,'HAMIDAH','197012271992022001','III.D',NULL,'1970-12-27','1992-02-01',58,NULL,NULL,NULL,'admin','2022-12-12 19:00:00',NULL,NULL),
	(271,1,'SONTA GULTOM','196109161990072001','III.D',NULL,'1961-09-16','1990-07-01',58,NULL,NULL,NULL,'admin','2022-12-12 19:00:00',NULL,NULL),
	(272,1,'JIMMY BRAIM KARO SEKALI','197807302009031003','III.D',NULL,'1978-07-30','2009-03-01',58,NULL,NULL,NULL,'admin','2022-12-12 19:00:00',NULL,NULL),
	(273,1,'MARDI.AH','196207272007012002','III.D',NULL,'1962-07-27','2007-01-01',58,NULL,NULL,NULL,'admin','2022-12-12 19:00:00',NULL,NULL),
	(274,1,'DANIL GUNAWAN, SE','197707112008011001','III.C','ESELON III','1977-07-11','2008-01-01',58,NULL,NULL,NULL,'admin','2022-12-12 19:00:00',NULL,NULL),
	(275,1,'RAHMAD ZEIN, S.Pd, M.Pd','198501062010011016','III.C','ESELON III','1985-01-06','2010-01-01',58,NULL,NULL,NULL,'admin','2022-12-12 19:00:00',NULL,NULL),
	(276,1,'ARDHICA FAUZI, SH','198809242011011003','III.C',NULL,'1988-09-24','2011-01-01',58,NULL,NULL,NULL,'admin','2022-12-12 19:00:00',NULL,NULL),
	(277,1,'FAUZI.AHNUR, S.Pd. SD','197412062006042002','III.C','ESELON IV','1974-12-06','2006-04-01',58,NULL,NULL,NULL,'admin','2022-12-12 19:00:00',NULL,NULL),
	(278,1,'SUPARMIN','196706011991031006','III.C',NULL,'1967-06-01','1991-03-01',58,NULL,NULL,NULL,'admin','2022-12-12 19:00:00',NULL,NULL),
	(279,1,'DOLI ARDI.ANSYAH DAULAY, SE','198001062014061003','III.B','ESELON IV','1980-01-06','2014-06-01',58,NULL,NULL,NULL,'admin','2022-12-12 19:00:00',NULL,NULL),
	(280,1,'SUSILAWATI, S.Pd. SD','198404182014062005','III.B','ESELON IV','1984-04-18','2014-06-01',58,NULL,NULL,NULL,'admin','2022-12-12 19:00:00',NULL,NULL),
	(281,1,'JONGGI NAPITUPULU','196404301987121001','III.B',NULL,'1964-04-30','1987-12-01',58,NULL,NULL,NULL,'admin','2022-12-12 19:00:00',NULL,NULL),
	(282,1,'NARNI INDAH SARI, S.Pd','198403162014062002','III.B','ESELON IV','1984-03-16','2014-06-01',58,NULL,NULL,NULL,'admin','2022-12-12 19:00:00',NULL,NULL),
	(283,1,'TRI JOKO, S.Pd','197906062014061004','III.B',NULL,'1979-06-06','2014-06-01',58,NULL,NULL,NULL,'admin','2022-12-12 19:00:00',NULL,NULL),
	(284,1,'MUHAMMAD SUDIN SIREGAR ,S.Pd.SD','198810202014031002','III.B',NULL,'1988-10-20','2014-03-01',58,NULL,NULL,NULL,'admin','2022-12-12 19:00:00',NULL,NULL),
	(285,1,'BOIKA DEWILHAN DAMANIK, S.Pd','197606022010011012','III.A',NULL,'1976-06-02','2010-01-01',58,NULL,NULL,NULL,'admin','2022-12-12 19:00:00',NULL,NULL),
	(286,1,'RIMAWATI','197604142010012008','III.A',NULL,'1976-04-14','2010-01-01',58,NULL,NULL,NULL,'admin','2022-12-12 19:00:00',NULL,NULL),
	(287,1,'MUHARDYANSYAH','198510042014061001','III.A',NULL,'1985-10-04','2014-06-01',58,NULL,NULL,NULL,'admin','2022-12-12 19:00:00',NULL,NULL),
	(288,1,'JERNI.ATI HASIBUAN','197905182014062005','III.A',NULL,'1979-05-18','2014-06-01',58,NULL,NULL,NULL,'admin','2022-12-12 19:00:00',NULL,NULL),
	(289,1,'NURAINUN','197502102006042004','II.D',NULL,'1975-02-10','2006-04-01',58,NULL,NULL,NULL,'admin','2022-12-12 19:00:00',NULL,NULL),
	(290,1,'ASMAINI','198107302010012019','II.C',NULL,'1981-07-30','2010-01-01',58,NULL,NULL,NULL,'admin','2022-12-12 19:00:00',NULL,NULL),
	(291,1,'CHARLES LUCHON P','196910181991121001','II.B',NULL,'1969-10-18','1991-12-01',58,NULL,NULL,NULL,'admin','2022-12-12 19:00:00',NULL,NULL),
	(292,1,'MUHAMMAD DAHLAN FAUZI','197112252014061001','II.A',NULL,'1971-12-25','2014-06-01',58,NULL,NULL,NULL,'admin','2022-12-12 19:00:00',NULL,NULL),
	(293,2,'drg, WAHID KHUSYAIRI ,M.M','196401251998031001','IV.C','ESELON II','1964-01-25','1998-03-01',60,NULL,NULL,NULL,'admin','2022-12-12 19:00:00',NULL,NULL),
	(294,2,'dr. DENI SYAHPUTRA','198205082010011025','IV.A','ESELON III','1982-05-08','2010-01-01',58,NULL,NULL,NULL,'admin','2022-12-12 19:00:00',NULL,NULL),
	(295,2,'dr., DINA NOVINDA','198202212008042002','IV.A','ESELON III','1982-02-21','2008-04-01',58,NULL,NULL,NULL,'admin','2022-12-12 19:00:00',NULL,NULL),
	(296,2,'HERLINA SI.ANTURI','197504141993032001','IV.A','ESELON III','1975-04-14','1993-03-01',58,NULL,NULL,NULL,'admin','2022-12-12 19:00:00',NULL,NULL),
	(297,2,'ABDUL FUAD HELMI ,SKM,M.KES','197009301994031007','IV.A','ESELON III','1970-09-30','1994-03-01',58,NULL,NULL,NULL,'admin','2022-12-12 19:00:00',NULL,NULL),
	(298,2,'SYAIFUL ANAS','197611201997021001','IV.A','ESELON IV','1976-11-20','1997-02-01',58,NULL,NULL,NULL,'admin','2022-12-12 19:00:00',NULL,NULL),
	(299,2,'dr., BUANG SUARDI','197208202001121004','IV.A',NULL,'1972-08-20','2001-12-01',58,NULL,NULL,NULL,'admin','2022-12-12 19:00:00',NULL,NULL),
	(300,2,'SRI KAYANI, SE.,M.Si','197806211997022001','IV.A',NULL,'1978-06-21','1997-02-01',58,NULL,NULL,NULL,'admin','2022-12-12 19:00:00',NULL,NULL),
	(301,2,'MUHAMMAD FAISAL SITORUS ,S.Kep','197907062005021002','III.D','ESELON III','1979-07-06','2005-02-01',58,NULL,NULL,NULL,'admin','2022-12-12 19:00:00',NULL,NULL),
	(302,2,'IRMA MAHRANI','197911272005022002','III.D','ESELON IV','1979-11-27','2005-02-01',58,NULL,NULL,NULL,'admin','2022-12-12 19:00:00',NULL,NULL),
	(303,2,'LISDAULI PURBA, SKM','198309302008042001','III.D','ESELON IV','1983-09-30','2008-04-01',58,NULL,NULL,NULL,'admin','2022-12-12 19:00:00',NULL,NULL),
	(304,2,'SITI ZUBAIDAH LUBIS','197202201991032004','III.D','ESELON IV','1972-02-20','1991-03-01',58,NULL,NULL,NULL,'admin','2022-12-12 19:00:00',NULL,NULL),
	(305,2,'TUTI SANTRI.ANI, SKM','197305021993032002','III.D','ESELON IV','1973-05-02','1993-03-01',58,NULL,NULL,NULL,'admin','2022-12-12 19:00:00',NULL,NULL),
	(306,2,'H. PARLINDUNGAN GULTOM ,SKM','197402121996031002','III.D','ESELON IV','1974-02-12','1996-03-01',58,NULL,NULL,NULL,'admin','2022-12-12 19:00:00',NULL,NULL),
	(307,2,'BOY INDRAWAN, S.Farm.Apt','198308042011011010','III.D','ESELON IV','1983-08-04','2011-01-01',58,NULL,NULL,NULL,'admin','2022-12-12 19:00:00',NULL,NULL),
	(308,2,'RAHMAH ERAWATY','196805011989032008','III.D','ESELON IV','1968-05-01','1989-03-01',58,NULL,NULL,NULL,'admin','2022-12-12 19:00:00',NULL,NULL),
	(309,2,'RATIH JUNI.ARTI,AM.Keb','197106071992032004','III.D',NULL,'1971-06-07','1992-03-01',58,NULL,NULL,NULL,'admin','2022-12-12 19:00:00',NULL,NULL),
	(310,2,'WILDA, SKM','197002161991032003','III.D',NULL,'1970-02-16','1991-03-01',58,NULL,NULL,NULL,'admin','2022-12-12 19:00:00',NULL,NULL),
	(311,2,'NANI HERAWATI','197510121996032002','III.D',NULL,'1975-10-12','1996-03-01',58,NULL,NULL,NULL,'admin','2022-12-12 19:00:00',NULL,NULL),
	(312,2,'ERLIKA SINAGA','196404091986012001','III.D',NULL,'1964-04-09','1986-01-01',58,NULL,NULL,NULL,'admin','2022-12-12 19:00:00',NULL,NULL),
	(313,2,'LENNY MARLINA NABABAN','197403071993032003','III.D',NULL,'1974-03-07','1993-03-01',58,NULL,NULL,NULL,'admin','2022-12-12 19:00:00',NULL,NULL),
	(314,2,'Dr. SALAMAH NOVI.ASARI NASUTION','197711072010012003','III.D',NULL,'1977-11-07','2010-01-01',58,NULL,NULL,NULL,'admin','2022-12-12 19:00:00',NULL,NULL),
	(315,2,'SUSI DELI PURWANI','197212131992032005','III.D',NULL,'1972-12-13','1992-03-01',58,NULL,NULL,NULL,'admin','2022-12-12 19:00:00',NULL,NULL),
	(316,2,'SUSENO AJI','196609111989031005','III.D',NULL,'1966-09-11','1989-03-01',58,NULL,NULL,NULL,'admin','2022-12-12 19:00:00',NULL,NULL),
	(317,2,'MAHANIM ,S.Kep. Ners','198011062010012018','III.C','ESELON IV','1980-11-06','2010-01-01',58,NULL,NULL,NULL,'admin','2022-12-12 19:00:00',NULL,NULL),
	(318,2,'TEGUH RAHARDJO, S.K.M., M.K.M.','197510222008041001','III.C','ESELON IV','1975-10-22','2008-04-01',58,NULL,NULL,NULL,'admin','2022-12-12 19:00:00',NULL,NULL),
	(319,2,'JOJOR DELIMA SIREGAR, SKM, M.Kes','197811082008042001','III.C','ESELON IV','1978-11-08','2008-04-01',58,NULL,NULL,NULL,'admin','2022-12-12 19:00:00',NULL,NULL),
	(320,2,'EVIYANI, S.Kep, Ns','197505302010012008','III.C','ESELON IV','1975-05-30','2010-01-01',58,NULL,NULL,NULL,'admin','2022-12-12 19:00:00',NULL,NULL),
	(321,2,'DEDI SAHAT PARNINGOTAN SI.AGI.AN, SKM,M.KES','198412042008041001','III.C','ESELON IV','1984-12-04','2008-04-01',58,NULL,NULL,NULL,'admin','2022-12-12 19:00:00',NULL,NULL),
	(322,2,'BUDI JUNARMAN SINAGA ,SKM,MKM','198107072011011008','III.C','ESELON IV','1981-07-07','2011-01-01',58,NULL,NULL,NULL,'admin','2022-12-12 19:00:00',NULL,NULL),
	(323,2,'NURLAILI','197508112007012002','III.C','ESELON IV','1975-08-11','2007-01-01',58,NULL,NULL,NULL,'admin','2022-12-12 19:00:00',NULL,NULL),
	(324,2,'INDAH WULANSARI DAMANIK ,A.M.Keb','198504092009042005','III.C',NULL,'1985-04-09','2009-04-01',58,NULL,NULL,NULL,'admin','2022-12-12 19:00:00',NULL,NULL),
	(325,2,'RITA SAPRIKA AMd.Kep','197705131998032002','III.C',NULL,'1977-05-13','1998-03-01',58,NULL,NULL,NULL,'admin','2022-12-12 19:00:00',NULL,NULL),
	(326,2,'IRMA SULASTRI SITOMPUL,SKM','198110102005022001','III.C',NULL,'1981-10-10','2005-02-01',58,NULL,NULL,NULL,'admin','2022-12-12 19:00:00',NULL,NULL),
	(327,2,'HENRI GUDMEN RIONALD SIHITE ,S.Kep.Ners','198307312010011021','III.C',NULL,'1983-07-31','2010-01-01',58,NULL,NULL,NULL,'admin','2022-12-12 19:00:00',NULL,NULL),
	(328,2,'SUHARYANI, S.Kep, Ns','198101142005022003','III.C',NULL,'1981-01-14','2005-02-01',58,NULL,NULL,NULL,'admin','2022-12-12 19:00:00',NULL,NULL),
	(329,2,'ELLA ROSIDA ,S.T., S.Farm., Apt.','197904202008042001','III.C',NULL,'1979-04-20','2008-04-01',58,NULL,NULL,NULL,'admin','2022-12-12 19:00:00',NULL,NULL),
	(330,2,'PAISAL CHAIRY ,SKM','197502192010011007','III.B','ESELON III','1975-02-19','2010-01-01',58,NULL,NULL,NULL,'admin','2022-12-12 19:00:00',NULL,NULL),
	(331,2,'ARMELI.A NANDA SARI BATU BARA AM ,Keb','198705012010012033','III.B','ESELON IV','1987-05-01','2010-01-01',58,NULL,NULL,NULL,'admin','2022-12-12 19:00:00',NULL,NULL),
	(332,2,'MUSLI ARDI ,Amd','197110202011011002','III.B','ESELON IV','1971-10-20','2011-01-01',58,NULL,NULL,NULL,'admin','2022-12-12 19:00:00',NULL,NULL),
	(333,2,'RASTI','197707302009032001','III.B','ESELON IV','1977-07-30','2009-03-01',58,NULL,NULL,NULL,'admin','2022-12-12 19:00:00',NULL,NULL),
	(334,2,'MUHAMMAD IRFAN SITEPU, S.Farm., Apt.','198905292010011001','III.B','ESELON IV','1989-05-29','2010-01-01',58,NULL,NULL,NULL,'admin','2022-12-12 19:00:00',NULL,NULL),
	(335,2,'WIRDASARI','198602252010012026','III.B',NULL,'1986-02-25','2010-01-01',58,NULL,NULL,NULL,'admin','2022-12-12 19:00:00',NULL,NULL),
	(336,2,'SURYATIKA','199009092010012002','III.B',NULL,'1990-09-09','2010-01-01',58,NULL,NULL,NULL,'admin','2022-12-12 19:00:00',NULL,NULL),
	(337,2,'NURHIDAYANI SINAGA AMK','197512312010012028','III.B',NULL,'1975-12-31','2010-01-01',58,NULL,NULL,NULL,'admin','2022-12-12 19:00:00',NULL,NULL),
	(338,2,'DEWI LASMARI.A SAMOSIR ,A.M.Keb','198506062011012006','III.B',NULL,'1985-06-06','2011-01-01',58,NULL,NULL,NULL,'admin','2022-12-12 19:00:00',NULL,NULL),
	(339,2,'DANU ARDI.ANSYAH ,SKM','198502062010011022','III.B',NULL,'1985-02-06','2010-01-01',58,NULL,NULL,NULL,'admin','2022-12-12 19:00:00',NULL,NULL),
	(340,2,'NUR FATIMAH ,AM.Keb','198709172010012027','III.B',NULL,'1987-09-17','2010-01-01',58,NULL,NULL,NULL,'admin','2022-12-12 19:00:00',NULL,NULL),
	(341,2,'MAHDI ISMURADI, SKM','198607072015051001','III.B',NULL,'1986-07-07','2015-05-01',58,NULL,NULL,NULL,'admin','2022-12-12 19:00:00',NULL,NULL),
	(342,2,'DINA PUSPITA PURBA ,AM.Keb','198609172010012031','III.B',NULL,'1986-09-17','2010-01-01',58,NULL,NULL,NULL,'admin','2022-12-12 19:00:00',NULL,NULL),
	(343,2,'WIDI ASTUTI, SST','198503292008042001','III.A',NULL,'1985-03-29','2008-04-01',58,NULL,NULL,NULL,'admin','2022-12-12 19:00:00',NULL,NULL),
	(344,2,'FATIMAH ZAHARA, S.Keb','198609052011012005','III.A',NULL,'1986-09-05','2011-01-01',58,NULL,NULL,NULL,'admin','2022-12-12 19:00:00',NULL,NULL),
	(345,2,'MARLINA ARUAN , S.Kep','197812012010012009','III.A',NULL,'1978-12-01','2010-01-01',58,NULL,NULL,NULL,'admin','2022-12-12 19:00:00',NULL,NULL),
	(346,2,'IKA EFRANI DAMANIK ,AMTK','198804192010012017','III.A',NULL,'1988-04-19','2010-01-01',58,NULL,NULL,NULL,'admin','2022-12-12 19:00:00',NULL,NULL),
	(347,2,'MIRNA DWI ASRI ,AM.Keb','198712192010012014','III.A',NULL,'1987-12-19','2010-01-01',58,NULL,NULL,NULL,'admin','2022-12-12 19:00:00',NULL,NULL),
	(348,2,'RIRI SYAFITRI, SKM','198208272010012025','III.A',NULL,'1982-08-27','2010-01-01',58,NULL,NULL,NULL,'admin','2022-12-12 19:00:00',NULL,NULL),
	(349,2,'TETTI HERMAWATI ,S.Kep.Ners','197907052010012019','III.A',NULL,'1979-07-05','2010-01-01',58,NULL,NULL,NULL,'admin','2022-12-12 19:00:00',NULL,NULL),
	(350,2,'ANITA ANDRI.ANI ,S.Kep.Ners','197911142010012023','III.A',NULL,'1979-11-14','2010-01-01',58,NULL,NULL,NULL,'admin','2022-12-12 19:00:00',NULL,NULL),
	(351,2,'HENDRY SIMARMATA','197902102009031002','II.D',NULL,'1979-02-10','2009-03-01',58,NULL,NULL,NULL,'admin','2022-12-12 19:00:00',NULL,NULL),
	(352,2,'MARTHALENA RAJAGUKGUK','197909152008012002','II.D',NULL,'1979-09-15','2008-01-01',58,NULL,NULL,NULL,'admin','2022-12-12 19:00:00',NULL,NULL),
	(353,2,'NETTY IRAWATI PURBA ,A.Md.Keb','198506042017042008','II.D',NULL,'1985-06-04','2017-04-01',58,NULL,NULL,NULL,'admin','2022-12-12 19:00:00',NULL,NULL),
	(354,2,'NANY ALFIRA SARAGIH ,A.Md,KEB','198601172017042007','II.D',NULL,'1986-01-17','2017-04-01',58,NULL,NULL,NULL,'admin','2022-12-12 19:00:00',NULL,NULL),
	(355,2,'DINIYAH PUTRI ,AMK','198912262010012001','II.D',NULL,'1989-12-26','2010-01-01',58,NULL,NULL,NULL,'admin','2022-12-12 19:00:00',NULL,NULL),
	(356,2,'AGUS HARI SAPUTRA','199108142010011001','II.C',NULL,'1991-08-14','2010-01-01',58,NULL,NULL,NULL,'admin','2022-12-12 19:00:00',NULL,NULL),
	(357,3,'BRESMAN SIMANGUNSONG, ST','196903032002121003','IV.B','ESELON II','1969-03-03','2002-12-01',60,NULL,NULL,NULL,'admin','2022-12-12 19:00:00',NULL,NULL),
	(358,3,'AHMAD YASIR, ST, MT','197607092009031001','IV.A','ESELON IV','1976-07-09','2009-03-01',58,NULL,NULL,NULL,'admin','2022-12-12 19:00:00',NULL,NULL),
	(359,3,'RAKHMAD KHOIRUDDIN SIREGAR','197209072006041002','IV.A',NULL,'1972-09-07','2006-04-01',58,NULL,NULL,NULL,'admin','2022-12-12 19:00:00',NULL,NULL),
	(360,3,'LENDI APRI.ANTO ,ST','198204012010011025','III.D','ESELON III','1982-04-01','2010-01-01',58,NULL,NULL,NULL,'admin','2022-12-12 19:00:00',NULL,NULL),
	(361,3,'KHAIRIL MUSLIM ,ST','198107072011011009','III.D','ESELON III','1981-07-07','2011-01-01',58,NULL,NULL,NULL,'admin','2022-12-12 19:00:00',NULL,NULL),
	(362,3,'FAISAL RAHMAN NASUTION ,S.T','198405012010011027','III.D','ESELON III','1984-05-01','2010-01-01',58,NULL,NULL,NULL,'admin','2022-12-12 19:00:00',NULL,NULL),
	(363,3,'AGUS SUBAKTI ,ST','197608262011011003','III.D','ESELON III','1976-08-26','2011-01-01',58,NULL,NULL,NULL,'admin','2022-12-12 19:00:00',NULL,NULL),
	(364,3,'HERY SUPRI.ADY ,S.T','197106092010011006','III.C',NULL,'1971-06-09','2010-01-01',58,NULL,NULL,NULL,'admin','2022-12-12 19:00:00',NULL,NULL),
	(365,3,'JULI.ANUS ,ST','198007102011011002','III.C','ESELON IV','1980-07-10','2011-01-01',58,NULL,NULL,NULL,'admin','2022-12-12 19:00:00',NULL,NULL),
	(366,3,'TUNAS SINAGA, ST','198308312010011015','III.C','ESELON IV','1983-08-31','2010-01-01',58,NULL,NULL,NULL,'admin','2022-12-12 19:00:00',NULL,NULL),
	(367,3,'TRI.ASMIBARI ASTUTI ,ST','198302142009042002','III.C',NULL,'1983-02-14','2009-04-01',58,NULL,NULL,NULL,'admin','2022-12-12 19:00:00',NULL,NULL),
	(368,3,'TAMRIN','198906052010011003','III.B',NULL,'1989-06-05','2010-01-01',58,NULL,NULL,NULL,'admin','2022-12-12 19:00:00',NULL,NULL),
	(369,3,'ARDI ZIKRI MUAZRO, ST','199103142010011001','III.B','ESELON IV','1991-03-14','2010-01-01',58,NULL,NULL,NULL,'admin','2022-12-12 19:00:00',NULL,NULL),
	(370,3,'PASU MARINTAN GURNING, SE','198209102010012023','III.B','ESELON IV','1982-09-10','2010-01-01',58,NULL,NULL,NULL,'admin','2022-12-12 19:00:00',NULL,NULL),
	(371,3,'WAHYU HIDAYAT','198203122011011010','III.B',NULL,'1982-03-12','2011-01-01',58,NULL,NULL,NULL,'admin','2022-12-12 19:00:00',NULL,NULL),
	(372,3,'MUBIN ,SE','198305072006041005','III.B',NULL,'1983-05-07','2006-04-01',58,NULL,NULL,NULL,'admin','2022-12-12 19:00:00',NULL,NULL),
	(373,3,'USMAN','197407072010011010','III.B',NULL,'1974-07-07','2010-01-01',58,NULL,NULL,NULL,'admin','2022-12-12 19:00:00',NULL,NULL),
	(374,3,'ASTIKA MURNI LUBIS ,S.T','199304092019032004','III.A','ESELON IV','1993-04-09','2019-03-01',58,NULL,NULL,NULL,'admin','2022-12-12 19:00:00',NULL,NULL),
	(375,3,'KHAIRIL IRFAN SIREGAR ,S.T','199510272019031001','III.A','ESELON IV','1995-10-27','2019-03-01',58,NULL,NULL,NULL,'admin','2022-12-12 19:00:00',NULL,NULL),
	(376,3,'BAMBANG BONARI ARITONANG ,S.T','198401132019031003','III.A','ESELON IV','1984-01-13','2019-03-01',58,NULL,NULL,NULL,'admin','2022-12-12 19:00:00',NULL,NULL),
	(377,3,'YUNAN ISNAINI ,S.T','198705062019031001','III.A','ESELON IV','1987-05-06','2019-03-01',58,NULL,NULL,NULL,'admin','2022-12-12 19:00:00',NULL,NULL),
	(378,3,'NURFHA TIHASARI NASUTION ,SST','199410022019032001','III.A','ESELON IV','1994-10-02','2019-03-01',58,NULL,NULL,NULL,'admin','2022-12-12 19:00:00',NULL,NULL),
	(379,3,'HARIS HANAFI SAMOSIR ,SE','197306182006041017','III.A',NULL,'1973-06-18','2006-04-01',58,NULL,NULL,NULL,'admin','2022-12-12 19:00:00',NULL,NULL),
	(380,3,'EDWIN RICKHI GUNAWAN SI.AHAAN','198805242011011010','III.A',NULL,'1988-05-24','2011-01-01',58,NULL,NULL,NULL,'admin','2022-12-12 19:00:00',NULL,NULL),
	(381,3,'ANDIKA ALPONSO NAINGGOLAN','197601072010011011','III.A',NULL,'1976-01-07','2010-01-01',58,NULL,NULL,NULL,'admin','2022-12-12 19:00:00',NULL,NULL),
	(382,3,'RIZKI MAZI.A HAKIKI RAMBE ,S.T','199008102020122005','III.A',NULL,'1990-08-10','2020-12-01',58,NULL,NULL,NULL,'admin','2022-12-12 19:00:00',NULL,NULL),
	(383,3,'CUPRITNO TAMBA ,S.T','198806102020121004','III.A',NULL,'1988-06-10','2020-12-01',58,NULL,NULL,NULL,'admin','2022-12-12 19:00:00',NULL,NULL),
	(384,3,'BADARUL MUNIR ,S.Akun','199301062020121004','III.A',NULL,'1993-01-06','2020-12-01',58,NULL,NULL,NULL,'admin','2022-12-12 19:00:00',NULL,NULL),
	(385,3,'ADI SYAHPUTRA ,S.T','198804122020121009','III.A',NULL,'1988-04-12','2020-12-01',58,NULL,NULL,NULL,'admin','2022-12-12 19:00:00',NULL,NULL),
	(386,3,'IMAN SYAHPUTRA','199108302010011001','II.C',NULL,'1991-08-30','2010-01-01',58,NULL,NULL,NULL,'admin','2022-12-12 19:00:00',NULL,NULL),
	(387,3,'RAFAEL MUNTHE','198510032010011016','II.C',NULL,'1985-10-03','2010-01-01',58,NULL,NULL,NULL,'admin','2022-12-12 19:00:00',NULL,NULL),
	(388,3,'MINDO SARAGI','198112232010011022','II.C',NULL,'1981-12-23','2010-01-01',58,NULL,NULL,NULL,'admin','2022-12-12 19:00:00',NULL,NULL),
	(389,3,'AHMAD SUNJAYA','198810192010011007','II.C',NULL,'1988-10-19','2010-01-01',58,NULL,NULL,NULL,'admin','2022-12-12 19:00:00',NULL,NULL),
	(390,3,'AINA SYALWA ,A.Md','199602282020122016','II.C',NULL,'1996-02-28','2020-12-01',58,NULL,NULL,NULL,'admin','2022-12-12 19:00:00',NULL,NULL),
	(391,3,'ASRI UTAMA WAHYUDI ,A.Md','199012312020121007','II.C',NULL,'1990-12-31','2020-12-01',58,NULL,NULL,NULL,'admin','2022-12-12 19:00:00',NULL,NULL),
	(392,3,'SATRI.ADI ,A.Md','198504122020121002','II.C',NULL,'1985-04-12','2020-12-01',58,NULL,NULL,NULL,'admin','2022-12-12 19:00:00',NULL,NULL),
	(393,3,'RONAL FLOWER SARAGI','198110192010011017','II.B',NULL,'1981-10-19','2010-01-01',58,NULL,NULL,NULL,'admin','2022-12-12 19:00:00',NULL,NULL),
	(394,3,'USMAN EFFENDY','199012202010011001','II.B',NULL,'1990-12-20','2010-01-01',58,NULL,NULL,NULL,'admin','2022-12-12 19:00:00',NULL,NULL),
	(395,3,'AGUS SALIM','198808242010011004','II.A',NULL,'1988-08-24','2010-01-01',58,NULL,NULL,NULL,'admin','2022-12-12 19:00:00',NULL,NULL),
	(396,4,'Drs. BAMBANG HADISUPRAPTO, M.M','196812071990031004','IV.C','ESELON III','1968-12-07','1990-03-01',58,NULL,NULL,NULL,'admin','2022-12-12 19:00:00',NULL,NULL),
	(397,4,'DRS., NELSON TAMPUBOLON','196407241993031003','IV.B','ESELON III','1964-07-24','1993-03-01',58,NULL,NULL,NULL,'admin','2022-12-12 19:00:00',NULL,NULL),
	(398,4,'KARTINA SAMOSIR, SKM, M.Kes.','196505261988032005','IV.A',NULL,'1965-05-26','1988-03-01',58,NULL,NULL,NULL,'admin','2022-12-12 19:00:00',NULL,NULL),
	(399,4,'SAMSUL','196401251992031003','IV.A',NULL,'1964-01-25','1992-03-01',58,NULL,NULL,NULL,'admin','2022-12-12 19:00:00',NULL,NULL),
	(400,4,'Drs. BASUKI','196401261995121001','IV.A',NULL,'1964-01-26','1995-12-01',58,NULL,NULL,NULL,'admin','2022-12-12 19:00:00',NULL,NULL),
	(401,4,'DANIEL DEDY HALOMOAN SIRINGORINGO','198510252009031001','III.D','ESELON III','1985-10-25','2009-03-01',58,NULL,NULL,NULL,'admin','2022-12-12 19:00:00',NULL,NULL),
	(402,4,'TAVY JUANDA, ST','198102142010011007','III.D','ESELON III','1981-02-14','2010-01-01',58,NULL,NULL,NULL,'admin','2022-12-12 19:00:00',NULL,NULL),
	(403,4,'KHAIRANI BR NADEAK ,SE','197101231992032004','III.D',NULL,'1971-01-23','1992-03-01',58,NULL,NULL,NULL,'admin','2022-12-12 19:00:00',NULL,NULL),
	(404,4,'SUKSES, SP','197404192008041001','III.D',NULL,'1974-04-19','2008-04-01',58,NULL,NULL,NULL,'admin','2022-12-12 19:00:00',NULL,NULL),
	(405,4,'ALFI.AN ALWI LUBIS, ST','198405072010011014','III.D',NULL,'1984-05-07','2010-01-01',58,NULL,NULL,NULL,'admin','2022-12-12 19:00:00',NULL,NULL),
	(406,4,'EMIR RIDHA KHUZAIFAH HSB ,ST','198503052010011029','III.D',NULL,'1985-03-05','2010-01-01',58,NULL,NULL,NULL,'admin','2022-12-12 19:00:00',NULL,NULL),
	(407,4,'FRANKI NAINGGOLAN ,ST','197309232008041001','III.D',NULL,'1973-09-23','2008-04-01',58,NULL,NULL,NULL,'admin','2022-12-12 19:00:00',NULL,NULL),
	(408,4,'LISKAYANI ,SP,M.Pd','197503242009032002','III.D',NULL,'1975-03-24','2009-03-01',58,NULL,NULL,NULL,'admin','2022-12-12 19:00:00',NULL,NULL),
	(409,4,'BAKHTARIZA LUBIS ,SE','198506072010011023','III.D',NULL,'1985-06-07','2010-01-01',58,NULL,NULL,NULL,'admin','2022-12-12 19:00:00',NULL,NULL),
	(410,4,'TIMBUL SIHOMBING, SP','197305052005011016','III.D',NULL,'1973-05-05','2005-01-01',58,NULL,NULL,NULL,'admin','2022-12-12 19:00:00',NULL,NULL),
	(411,4,'FRANS SAHALA FITER BATU SIREGAR, ST','198410232010011022','III.C','ESELON III','1984-10-23','2010-01-01',58,NULL,NULL,NULL,'admin','2022-12-12 19:00:00',NULL,NULL),
	(412,4,'ILHAM ABDI HASIBUAN, SE','197608231996021003','III.C','ESELON III','1976-08-23','1996-02-01',58,NULL,NULL,NULL,'admin','2022-12-12 19:00:00',NULL,NULL),
	(413,4,'HOTNIDA YUSNANI SIMBOLON ,ST','198709202010012024','III.C',NULL,'1987-09-20','2010-01-01',58,NULL,NULL,NULL,'admin','2022-12-12 19:00:00',NULL,NULL),
	(414,4,'HERI.ATY ROSA TARIGAN ,ST, MIL','198511142010012019','III.C',NULL,'1985-11-14','2010-01-01',58,NULL,NULL,NULL,'admin','2022-12-12 19:00:00',NULL,NULL),
	(415,4,'JULMAN SARAGI, SH','197607022010011019','III.B',NULL,'1976-07-02','2010-01-01',58,NULL,NULL,NULL,'admin','2022-12-12 19:00:00',NULL,NULL),
	(416,4,'KAMARUDDIN, SE','197903292010011014','III.B',NULL,'1979-03-29','2010-01-01',58,NULL,NULL,NULL,'admin','2022-12-12 19:00:00',NULL,NULL),
	(417,4,'SUSI.ANDI, SH','198201272010011022','III.B',NULL,'1982-01-27','2010-01-01',58,NULL,NULL,NULL,'admin','2022-12-12 19:00:00',NULL,NULL),
	(418,4,'NILAWATI ,S.Sos','196908042014062001','III.B',NULL,'1969-08-04','2014-06-01',58,NULL,NULL,NULL,'admin','2022-12-12 19:00:00',NULL,NULL),
	(419,4,'RISMAN DI.ANTO, A.Md','198409242010011017','III.B',NULL,'1984-09-24','2010-01-01',58,NULL,NULL,NULL,'admin','2022-12-12 19:00:00',NULL,NULL),
	(420,4,'ELVI SUZANNA ,S.Kom','197512152011012001','III.A',NULL,'1975-12-15','2011-01-01',58,NULL,NULL,NULL,'admin','2022-12-12 19:00:00',NULL,NULL),
	(421,4,'SUHAIRMAN, ST','198009232010011018','III.A',NULL,'1980-09-23','2010-01-01',58,NULL,NULL,NULL,'admin','2022-12-12 19:00:00',NULL,NULL),
	(422,4,'NURDI.ANSYAH, SE','199002062010011002','III.A',NULL,'1990-02-06','2010-01-01',58,NULL,NULL,NULL,'admin','2022-12-12 19:00:00',NULL,NULL),
	(423,4,'MUHAMMAD RIZKI, A.Md.Par','198002042010011013','III.A',NULL,'1980-02-04','2010-01-01',58,NULL,NULL,NULL,'admin','2022-12-12 19:00:00',NULL,NULL),
	(424,4,'GINA TEBETH, SH','198310292011012010','III.A',NULL,'1983-10-29','2011-01-01',58,NULL,NULL,NULL,'admin','2022-12-12 19:00:00',NULL,NULL),
	(425,4,'TITOSYAHPUTRA PURBA, SE','198411112019031001','III.A',NULL,'1984-11-11','2019-03-01',58,NULL,NULL,NULL,'admin','2022-12-12 19:00:00',NULL,NULL),
	(426,4,'ISNA DAMAI YANTI, SE','198809082019032002','III.A',NULL,'1988-09-08','2019-03-01',58,NULL,NULL,NULL,'admin','2022-12-12 19:00:00',NULL,NULL),
	(427,4,'SANTA MONIKA MANALU, S.ST','199105262019032004','III.A',NULL,'1991-05-26','2019-03-01',58,NULL,NULL,NULL,'admin','2022-12-12 19:00:00',NULL,NULL),
	(428,4,'AGUS RONALDO SITUMEANG, ,S.T','199108132019031001','III.A',NULL,'1991-08-13','2019-03-01',58,NULL,NULL,NULL,'admin','2022-12-12 19:00:00',NULL,NULL),
	(429,4,'FAHMI HUSAINI, SE','199203302019031001','III.A',NULL,'1992-03-30','2019-03-01',58,NULL,NULL,NULL,'admin','2022-12-12 19:00:00',NULL,NULL),
	(430,4,'MAYLISA MAGDALENA BAKARA, ST','199705282020122006','III.A',NULL,'1997-05-28','2020-12-01',58,NULL,NULL,NULL,'admin','2022-12-12 19:00:00',NULL,NULL),
	(431,4,'PIPIN AGUSPIN','197908132009031003','III.A',NULL,'1979-08-13','2009-03-01',58,NULL,NULL,NULL,'admin','2022-12-12 19:00:00',NULL,NULL),
	(432,4,'JUMIRAN','196703182007011022','II.C',NULL,'1967-03-18','2007-01-01',58,NULL,NULL,NULL,'admin','2022-12-12 19:00:00',NULL,NULL),
	(433,4,'AHMAD ROJAI','197506162007011005','II.C',NULL,'1975-06-16','2007-01-01',58,NULL,NULL,NULL,'admin','2022-12-12 19:00:00',NULL,NULL),
	(434,4,'YUDHA SATRI.A','198712242010011009','II.C',NULL,'1987-12-24','2010-01-01',58,NULL,NULL,NULL,'admin','2022-12-12 19:00:00',NULL,NULL),
	(435,6,'Drs. ABDUL RAHMAN HADI','196501161986021003','IV.B','ESELON II','1965-01-16','1986-02-01',60,NULL,NULL,NULL,'admin','2022-12-12 19:00:00',NULL,NULL),
	(436,6,'HANAFI,SH','196609141995031002','IV.B','ESELON III','1966-09-14','1995-03-01',58,NULL,NULL,NULL,'admin','2022-12-12 19:00:00',NULL,NULL),
	(437,6,'Drs. YAFRIZAL, M.Si','196507151986021001','IV.B',NULL,'1965-07-15','1986-02-01',58,NULL,NULL,NULL,'admin','2022-12-12 19:00:00',NULL,NULL),
	(438,6,'SYAMSIR TULING ,S.Pd','196604221986021002','IV.A','ESELON III','1966-04-22','1986-02-01',58,NULL,NULL,NULL,'admin','2022-12-12 19:00:00',NULL,NULL),
	(439,6,'SUKARDI ,S.Sos','196801031991031005','IV.A',NULL,'1968-01-03','1991-03-01',58,NULL,NULL,NULL,'admin','2022-12-12 19:00:00',NULL,NULL),
	(440,6,'RONALD FAREL SI.AHAAN','197904202010011017','III.D','ESELON III','1979-04-20','2010-01-01',58,NULL,NULL,NULL,'admin','2022-12-12 19:00:00',NULL,NULL),
	(441,6,'MISNI.ATI ,S.Sos.I','197709062009032001','III.D',NULL,'1977-09-06','2009-03-01',58,NULL,NULL,NULL,'admin','2022-12-12 19:00:00',NULL,NULL),
	(442,6,'APULINA SITEPU','197008161991032004','III.D','ESELON IV','1970-08-16','1991-03-01',58,NULL,NULL,NULL,'admin','2022-12-12 19:00:00',NULL,NULL),
	(443,6,'HISARWIN DOVANI ,SE','198308282010011016','III.D','ESELON IV','1983-08-28','2010-01-01',58,NULL,NULL,NULL,'admin','2022-12-12 19:00:00',NULL,NULL),
	(444,6,'LATIFAH HANIM','196408181990082001','III.D','ESELON IV','1964-08-18','1990-08-01',58,NULL,NULL,NULL,'admin','2022-12-12 19:00:00',NULL,NULL),
	(445,6,'JUNI.AR RISNA H. L.TOBING','197206301992032002','III.D',NULL,'1972-06-30','1992-03-01',58,NULL,NULL,NULL,'admin','2022-12-12 19:00:00',NULL,NULL),
	(446,6,'HARDIMAN SIHOMBING ,S.STP','199110282014061002','III.C','ESELON III','1991-10-28','2014-06-01',58,NULL,NULL,NULL,'admin','2022-12-12 19:00:00',NULL,NULL),
	(447,6,'HADINATA DWI CHRISTI.AN TAMBUNAN ,S.STP','199112192014061005','III.C',NULL,'1991-12-19','2014-06-01',58,NULL,NULL,NULL,'admin','2022-12-12 19:00:00',NULL,NULL),
	(448,6,'IRFAN ZAILANI ,AMK','198302022011011018','III.B','ESELON IV','1983-02-02','2011-01-01',58,NULL,NULL,NULL,'admin','2022-12-12 19:00:00',NULL,NULL),
	(449,6,'JOHANNES SINABUTAR','198506262010011017','III.B','ESELON IV','1985-06-26','2010-01-01',58,NULL,NULL,NULL,'admin','2022-12-12 19:00:00',NULL,NULL),
	(450,6,'ANGGA MARAYUDHA SIMATUPANG','199103102014061003','III.B','ESELON IV','1991-03-10','2014-06-01',58,NULL,NULL,NULL,'admin','2022-12-12 19:00:00',NULL,NULL),
	(451,6,'SARIL RICARD HUTAGAOL ,S.STP','199409122016091002','III.B','ESELON IV','1994-09-12','2016-09-01',58,NULL,NULL,NULL,'admin','2022-12-12 19:00:00',NULL,NULL),
	(452,6,'ERWANSYAH ,SH','198206202009031005','III.A',NULL,'1982-06-20','2009-03-01',58,NULL,NULL,NULL,'admin','2022-12-12 19:00:00',NULL,NULL),
	(453,6,'QORI PARAMITHA BR HARAHAP ,SE','199101022019032001','III.A',NULL,'1991-01-02','2019-03-01',58,NULL,NULL,NULL,'admin','2022-12-12 19:00:00',NULL,NULL),
	(454,6,'MULI.ADI','198711222010011008','III.A',NULL,'1987-11-22','2010-01-01',58,NULL,NULL,NULL,'admin','2022-12-12 19:00:00',NULL,NULL),
	(455,6,'ALBENAR MANURUNG','196410011989091001','III.A',NULL,'1964-10-01','1989-09-01',58,NULL,NULL,NULL,'admin','2022-12-12 19:00:00',NULL,NULL),
	(456,6,'NASRUL HERRY','197109121993021001','II.D',NULL,'1971-09-12','1993-02-01',58,NULL,NULL,NULL,'admin','2022-12-12 19:00:00',NULL,NULL),
	(457,6,'HAMZAH ARFAH SIMANUNGKALIT','198603092010011014','II.C',NULL,'1986-03-09','2010-01-01',58,NULL,NULL,NULL,'admin','2022-12-12 19:00:00',NULL,NULL),
	(458,6,'MUHAMMAD ICHSAN','198803272011011009','II.C',NULL,'1988-03-27','2011-01-01',58,NULL,NULL,NULL,'admin','2022-12-12 19:00:00',NULL,NULL),
	(459,8,'RIYADI, S.Pd, M.Pd','196912121996021001','IV.C','ESELON II','1969-12-12','1996-02-01',60,NULL,NULL,NULL,'admin','2022-12-12 19:00:00',NULL,NULL),
	(460,8,'NUR RAHMAN, S.Sos','197206171992031002','IV.B','ESELON III','1972-06-17','1992-03-01',58,NULL,NULL,NULL,'admin','2022-12-12 19:00:00',NULL,NULL),
	(461,8,'SOFYAN ERY, S.Sos, MM','196612281991031005','IV.B','ESELON III','1966-12-28','1991-03-01',58,NULL,NULL,NULL,'admin','2022-12-12 19:00:00',NULL,NULL),
	(462,8,'KHADIJAH, S.ST, M.Kes','196904241995032005','IV.A','ESELON III','1969-04-24','1995-03-01',58,NULL,NULL,NULL,'admin','2022-12-12 19:00:00',NULL,NULL),
	(463,8,'BUDIMAN, S.Pd','196405121992031006','IV.A',NULL,'1964-05-12','1992-03-01',58,NULL,NULL,NULL,'admin','2022-12-12 19:00:00',NULL,NULL),
	(464,8,'Drs. ZULKARNAIN, M.Si','196404291994031003','IV.A',NULL,'1964-04-29','1994-03-01',58,NULL,NULL,NULL,'admin','2022-12-12 19:00:00',NULL,NULL),
	(465,8,'NIRZA, S.Kep, Ners','197403101998032004','IV.A',NULL,'1974-03-10','1998-03-01',58,NULL,NULL,NULL,'admin','2022-12-12 19:00:00',NULL,NULL),
	(466,8,'SARMEDI SITOHANG, S.Sos','198710102011011013','III.D','ESELON III','1987-10-10','2011-01-01',58,NULL,NULL,NULL,'admin','2022-12-12 19:00:00',NULL,NULL),
	(467,8,'IRMA ZULAIKA DALIMUNTHE, S.Sos','198607272010012038','III.D',NULL,'1986-07-27','2010-01-01',58,NULL,NULL,NULL,'admin','2022-12-12 19:00:00',NULL,NULL),
	(468,8,'AHMAD JAIS ,S.Ag, M.Ag','197108172010011006','III.D',NULL,'1971-08-17','2010-01-01',58,NULL,NULL,NULL,'admin','2022-12-12 19:00:00',NULL,NULL),
	(469,8,'AHMAD JUSRAH RITONGA, S.ST','197809202001031001','III.D',NULL,'1978-09-20','2001-03-01',58,NULL,NULL,NULL,'admin','2022-12-12 19:00:00',NULL,NULL),
	(470,8,'RUSTI ,SKM','197010171992032005','III.D',NULL,'1970-10-17','1992-03-01',58,NULL,NULL,NULL,'admin','2022-12-12 19:00:00',NULL,NULL),
	(471,8,'SITI HABIBAH, SST','197206101992032004','III.D',NULL,'1972-06-10','1992-03-01',58,NULL,NULL,NULL,'admin','2022-12-12 19:00:00',NULL,NULL),
	(472,8,'MUKHLIS SYAHPUTRA ,S.HI.M.AP','198312152010011018','III.D',NULL,'1983-12-15','2010-01-01',58,NULL,NULL,NULL,'admin','2022-12-12 19:00:00',NULL,NULL),
	(473,8,'SUNTIKNO, S.Pd','197603252010011006','III.C','ESELON III','1976-03-25','2010-01-01',58,NULL,NULL,NULL,'admin','2022-12-12 19:00:00',NULL,NULL),
	(474,8,'MUHAMMAD RUDY, SE','198703212011011006','III.C',NULL,'1987-03-21','2011-01-01',58,NULL,NULL,NULL,'admin','2022-12-12 19:00:00',NULL,NULL),
	(475,8,'MUHAMMAD YANI, SH','197705102011011006','III.C',NULL,'1977-05-10','2011-01-01',58,NULL,NULL,NULL,'admin','2022-12-12 19:00:00',NULL,NULL),
	(476,8,'DONSON SIRUMAPEA, SE','198311232010011027','III.C',NULL,'1983-11-23','2010-01-01',58,NULL,NULL,NULL,'admin','2022-12-12 19:00:00',NULL,NULL),
	(477,8,'EVI RITA ULY MANURUNG, S.Kep, Ners','197910142009032006','III.B','ESELON III','1979-10-14','2009-03-01',58,NULL,NULL,NULL,'admin','2022-12-12 19:00:00',NULL,NULL),
	(478,8,'MAJU EDWARD SITORUS, A.Md. KL','197109031996021001','III.B',NULL,'1971-09-03','1996-02-01',58,NULL,NULL,NULL,'admin','2022-12-12 19:00:00',NULL,NULL),
	(479,8,'NURHAYATI SUSANTINI, SE','198308072010012040','III.B',NULL,'1983-08-07','2010-01-01',58,NULL,NULL,NULL,'admin','2022-12-12 19:00:00',NULL,NULL),
	(480,8,'SALMI.AH, SST','197812122000122001','III.B','ESELON IV','1978-12-12','2000-12-01',58,NULL,NULL,NULL,'admin','2022-12-12 19:00:00',NULL,NULL),
	(481,8,'SU`AIDAH NOOR, ST','198203312014062002','III.B',NULL,'1982-03-31','2014-06-01',58,NULL,NULL,NULL,'admin','2022-12-12 19:00:00',NULL,NULL),
	(482,8,'TOGI BARITA PANJAITAN, SSi','198705152015051002','III.B',NULL,'1987-05-15','2015-05-01',58,NULL,NULL,NULL,'admin','2022-12-12 19:00:00',NULL,NULL),
	(483,8,'SUPENO MARUBA SIMANJUNTAK, S. Sos','198409042010011017','III.B',NULL,'1984-09-04','2010-01-01',58,NULL,NULL,NULL,'admin','2022-12-12 19:00:00',NULL,NULL),
	(484,8,'MARISTELLA DEDIWATI SINURAT, Am. Keb','198104112008042001','III.B',NULL,'1981-04-11','2008-04-01',58,NULL,NULL,NULL,'admin','2022-12-12 19:00:00',NULL,NULL),
	(485,8,'IKHWAN NUSSHAFA, S.Pd. I','198601172019031001','III.A',NULL,'1986-01-17','2019-03-01',58,NULL,NULL,NULL,'admin','2022-12-12 19:00:00',NULL,NULL),
	(486,9,'SUPARMAN, S.Pd., M.Si.','196709041993031002','IV.B','ESELON IV','1967-09-04','1993-03-01',58,NULL,NULL,NULL,'admin','2022-12-12 19:00:00',NULL,NULL),
	(487,9,'BUHARI IMRAN ,S.S,M.Si','197411252006041020','IV.A','ESELON II','1974-11-25','2006-04-01',60,NULL,NULL,NULL,'admin','2022-12-12 19:00:00',NULL,NULL),
	(488,9,'MAHAR EFENDI ,S.Pd','196409071986041003','IV.A','ESELON IV','1964-09-07','1986-04-01',58,NULL,NULL,NULL,'admin','2022-12-12 19:00:00',NULL,NULL),
	(489,9,'MUHAMMAD IQBAL, S.Sos, M.A.P','198301082010011019','IV.A',NULL,'1983-01-08','2010-01-01',58,NULL,NULL,NULL,'admin','2022-12-12 19:00:00',NULL,NULL),
	(490,9,'IDHAM KHALID, SH','197106131994011001','III.D','ESELON IV','1971-06-13','1994-01-01',58,NULL,NULL,NULL,'admin','2022-12-12 19:00:00',NULL,NULL),
	(491,9,'AKHYARUDDIN MATONDANG ,SH','197504132010011007','III.D','ESELON III','1975-04-13','2010-01-01',58,NULL,NULL,NULL,'admin','2022-12-12 19:00:00',NULL,NULL),
	(492,9,'ARMEN SYAM ,S.P','198709052011011010','III.D','ESELON III','1987-09-05','2011-01-01',58,NULL,NULL,NULL,'admin','2022-12-12 19:00:00',NULL,NULL),
	(493,9,'SAHAT SABAM REYNOLD TAMPUBOLON ,ST','197704132008041001','III.D','ESELON III','1977-04-13','2008-04-01',58,NULL,NULL,NULL,'admin','2022-12-12 19:00:00',NULL,NULL),
	(494,9,'M. YAHMIN ,S.Pd,M.Si','198203292009071001','III.D','ESELON IV','1982-03-29','2009-07-01',58,NULL,NULL,NULL,'admin','2022-12-12 19:00:00',NULL,NULL),
	(495,9,'DONALD JAFFRES SITUMORANG ,ST','198108252008041001','III.D',NULL,'1981-08-25','2008-04-01',58,NULL,NULL,NULL,'admin','2022-12-12 19:00:00',NULL,NULL),
	(496,9,'ZAKARI.A MATOGU ,S.SOS','198010182011011011','III.D',NULL,'1980-10-18','2011-01-01',58,NULL,NULL,NULL,'admin','2022-12-12 19:00:00',NULL,NULL),
	(497,9,'ARY SANDY SYAH PUTRA ,SE','198611182011011011','III.D',NULL,'1986-11-18','2011-01-01',58,NULL,NULL,NULL,'admin','2022-12-12 19:00:00',NULL,NULL),
	(498,9,'SUINDRA ,ST','198303092010011031','III.D',NULL,'1983-03-09','2010-01-01',58,NULL,NULL,NULL,'admin','2022-12-12 19:00:00',NULL,NULL),
	(499,9,'ALIYUS SAFRI SAMAN ,S.ST','198205242010011027','III.D',NULL,'1982-05-24','2010-01-01',58,NULL,NULL,NULL,'admin','2022-12-12 19:00:00',NULL,NULL),
	(500,9,'WIBOWO BUDI RAHARJO ,ST','197403242009031004','III.D','ESELON IV','1974-03-24','2009-03-01',58,NULL,NULL,NULL,'admin','2022-12-12 19:00:00',NULL,NULL),
	(501,9,'KAMARUDDIN, S.Pd','197010121992031004','III.D',NULL,'1970-10-12','1992-03-01',58,NULL,NULL,NULL,'admin','2022-12-12 19:00:00',NULL,NULL),
	(502,9,'SITI MADINA AGUSTINA SIREGAR ,S.T','198208272010012027','III.D',NULL,'1982-08-27','2010-01-01',58,NULL,NULL,NULL,'admin','2022-12-12 19:00:00',NULL,NULL),
	(503,9,'NURJANAH HASIBUAN','197303232008012018','III.D',NULL,'1973-03-23','2008-01-01',58,NULL,NULL,NULL,'admin','2022-12-12 19:00:00',NULL,NULL),
	(504,9,'NENENG WAHYUNI.SKM','197702082006042017','III.C',NULL,'1977-02-08','2006-04-01',58,NULL,NULL,NULL,'admin','2022-12-12 19:00:00',NULL,NULL),
	(505,9,'SURIYANTI ,SH','198006072011012006','III.C',NULL,'1980-06-07','2011-01-01',58,NULL,NULL,NULL,'admin','2022-12-12 19:00:00',NULL,NULL),
	(506,9,'ERWINSYAH ,S.Sos','197607272011011005','III.C',NULL,'1976-07-27','2011-01-01',58,NULL,NULL,NULL,'admin','2022-12-12 19:00:00',NULL,NULL),
	(507,9,'ISNI.ARDI ,S.E','198309162010011021','III.B',NULL,'1983-09-16','2010-01-01',58,NULL,NULL,NULL,'admin','2022-12-12 19:00:00',NULL,NULL),
	(508,9,'ROMA REZEKI ,S,M','197605202011012007','III.A','ESELON IV','1976-05-20','2011-01-01',58,NULL,NULL,NULL,'admin','2022-12-12 19:00:00',NULL,NULL),
	(509,9,'RISMAULI DAMANIK ,S,M','197312072010012001','III.A',NULL,'1973-12-07','2010-01-01',58,NULL,NULL,NULL,'admin','2022-12-12 19:00:00',NULL,NULL),
	(510,9,'JOJOR ROITO SI.ALLAGAN, SE.','198906012010012003','III.A',NULL,'1989-06-01','2010-01-01',58,NULL,NULL,NULL,'admin','2022-12-12 19:00:00',NULL,NULL),
	(511,9,'DINDA SUARI DEWI ,SE','199604032020122011','III.A',NULL,'1996-04-03','2020-12-01',58,NULL,NULL,NULL,'admin','2022-12-12 19:00:00',NULL,NULL),
	(512,9,'MUHAMMAD JAHARUDDIN ,A.Md','198509122010011017','III.A',NULL,'1985-09-12','2010-01-01',58,NULL,NULL,NULL,'admin','2022-12-12 19:00:00',NULL,NULL),
	(513,9,'MIRA YUSUFINA ,A.Md','198806052010012011','III.A',NULL,'1988-06-05','2010-01-01',58,NULL,NULL,NULL,'admin','2022-12-12 19:00:00',NULL,NULL),
	(514,9,'SUHERI, S.M','197906132010011020','III.A',NULL,'1979-06-13','2010-01-01',58,NULL,NULL,NULL,'admin','2022-12-12 19:00:00',NULL,NULL),
	(515,9,'SYAHRIZAL','198001152010011018','III.A',NULL,'1980-01-15','2010-01-01',58,NULL,NULL,NULL,'admin','2022-12-12 19:00:00',NULL,NULL),
	(516,9,'RONWI APGAR HARAHAP','198204092010011020','III.A',NULL,'1982-04-09','2010-01-01',58,NULL,NULL,NULL,'admin','2022-12-12 19:00:00',NULL,NULL),
	(517,9,'EFNI SUNDARI ,A.Md','198808022015032004','II.D',NULL,'1988-08-02','2015-03-01',58,NULL,NULL,NULL,'admin','2022-12-12 19:00:00',NULL,NULL),
	(518,9,'TENGKU MOHAMMAD HENDRA','197608102010011013','II.C',NULL,'1976-08-10','2010-01-01',58,NULL,NULL,NULL,'admin','2022-12-12 19:00:00',NULL,NULL),
	(519,9,'M. NOVRI.AN SYAHPUTRA','199511022020121005','II.C',NULL,'1995-11-02','2020-12-01',58,NULL,NULL,NULL,'admin','2022-12-12 19:00:00',NULL,NULL),
	(520,9,'FAUZI','197605102010011021','II.C',NULL,'1976-05-10','2010-01-01',58,NULL,NULL,NULL,'admin','2022-12-12 19:00:00',NULL,NULL),
	(521,11,'MAEDA SOETOPO ,SSTP., M.SP','197805011996121001','IV.C','ESELON II','1978-05-01','1996-12-01',60,NULL,NULL,NULL,'admin','2022-12-12 19:00:00',NULL,NULL),
	(522,11,'HAMDAN ,S.Pd, M.Si','197112211998031006','IV.B','ESELON III','1971-12-21','1998-03-01',58,NULL,NULL,NULL,'admin','2022-12-12 19:00:00',NULL,NULL),
	(523,11,'drh. EMMY OFTINI ,MM','197010282006042003','IV.B',NULL,'1970-10-28','2006-04-01',58,NULL,NULL,NULL,'admin','2022-12-12 19:00:00',NULL,NULL),
	(524,11,'LISTEN SAMOSIR, SE','196806011993031009','IV.A',NULL,'1968-06-01','1993-03-01',58,NULL,NULL,NULL,'admin','2022-12-12 19:00:00',NULL,NULL),
	(525,11,'JAMALUDDIN ,SH','196810051989031005','IV.A','ESELON III','1968-10-05','1989-03-01',58,NULL,NULL,NULL,'admin','2022-12-12 19:00:00',NULL,NULL),
	(526,11,'MUHARLI SANO, SE, M. Si','197707062010011016','IV.A','ESELON III','1977-07-06','2010-01-01',58,NULL,NULL,NULL,'admin','2022-12-12 19:00:00',NULL,NULL),
	(527,11,'RAHMAT HIDAYAT, SE., M.Si','198501192009031002','III.D','ESELON III','1985-01-19','2009-03-01',58,NULL,NULL,NULL,'admin','2022-12-12 19:00:00',NULL,NULL),
	(528,11,'KHAIRUL BAHRI SINAGA ,SE','197707272003121004','III.D','ESELON IV','1977-07-27','2003-12-01',58,NULL,NULL,NULL,'admin','2022-12-12 19:00:00',NULL,NULL),
	(529,11,'ALI AKBAR, S.Th.I.,M.Si','197912122010011013','III.D',NULL,'1979-12-12','2010-01-01',58,NULL,NULL,NULL,'admin','2022-12-12 19:00:00',NULL,NULL),
	(530,11,'PANCALINA SITORUS ,S.Si','198402222010012033','III.D',NULL,'1984-02-22','2010-01-01',58,NULL,NULL,NULL,'admin','2022-12-12 19:00:00',NULL,NULL),
	(531,11,'KEMALAWATI','196412031986022002','III.D',NULL,'1964-12-03','1986-02-01',58,NULL,NULL,NULL,'admin','2022-12-12 19:00:00',NULL,NULL),
	(532,11,'ABDUL AZIZ, SE','196606051987121004','III.D',NULL,'1966-06-05','1987-12-01',58,NULL,NULL,NULL,'admin','2022-12-12 19:00:00',NULL,NULL),
	(533,11,'DEDY MARULITUA SIMBOLON ,ST','197906062008041001','III.D',NULL,'1979-06-06','2008-04-01',58,NULL,NULL,NULL,'admin','2022-12-12 19:00:00',NULL,NULL),
	(534,11,'NANANG SUSANTO ,S.Si., M.Si','198210282009031006','III.D',NULL,'1982-10-28','2009-03-01',58,NULL,NULL,NULL,'admin','2022-12-12 19:00:00',NULL,NULL),
	(535,11,'WIHELMINA ,SH','197603161998032003','III.D',NULL,'1976-03-16','1998-03-01',58,NULL,NULL,NULL,'admin','2022-12-12 19:00:00',NULL,NULL),
	(536,11,'BILLY ELHARIS JAMBAK ,S.P','197905252011011008','III.D',NULL,'1979-05-25','2011-01-01',58,NULL,NULL,NULL,'admin','2022-12-12 19:00:00',NULL,NULL),
	(537,11,'PRIYO PRATOMO ,ST','197904242009041005','III.D',NULL,'1979-04-24','2009-04-01',58,NULL,NULL,NULL,'admin','2022-12-12 19:00:00',NULL,NULL),
	(538,11,'AMIRUDIN ,S.Sos','198405282011011007','III.D',NULL,'1984-05-28','2011-01-01',58,NULL,NULL,NULL,'admin','2022-12-12 19:00:00',NULL,NULL),
	(539,11,'MUHAMMAD SYAHRIZAL ,SE,M.S.M','198712042010011003','III.D',NULL,'1987-12-04','2010-01-01',58,NULL,NULL,NULL,'admin','2022-12-12 19:00:00',NULL,NULL),
	(540,11,'ILYAS,S','196909171994021002','III.C','ESELON III','1969-09-17','1994-02-01',58,NULL,NULL,NULL,'admin','2022-12-12 19:00:00',NULL,NULL),
	(541,11,'TRI BUANA TUNGGA DEWI ,SE','197407012011012001','III.C',NULL,'1974-07-01','2011-01-01',58,NULL,NULL,NULL,'admin','2022-12-12 19:00:00',NULL,NULL),
	(542,11,'AMIRA NOVEY SRI LESTARI,SH','198411292010012005','III.B',NULL,'1984-11-29','2010-01-01',58,NULL,NULL,NULL,'admin','2022-12-12 19:00:00',NULL,NULL),
	(543,11,'SYARIFA HANUM ,SE','197911052011012009','III.B',NULL,'1979-11-05','2011-01-01',58,NULL,NULL,NULL,'admin','2022-12-12 19:00:00',NULL,NULL),
	(544,11,'NUR ADDINA ,SE,M.Si','198204202010012038','III.B',NULL,'1982-04-20','2010-01-01',58,NULL,NULL,NULL,'admin','2022-12-12 19:00:00',NULL,NULL),
	(545,11,'FITRI ,SE','198603192010012027','III.B',NULL,'1986-03-19','2010-01-01',58,NULL,NULL,NULL,'admin','2022-12-12 19:00:00',NULL,NULL),
	(546,12,'RADYANSYAH FITRI.ANDA LUBIS, S.Sos','197405191994021001','IV.C','ESELON II','1974-05-19','1994-02-01',60,NULL,NULL,NULL,'admin','2022-12-12 19:00:00',NULL,NULL),
	(547,12,'MASLINDA WANSARI , SKM','197101011991032009','IV.B',NULL,'1971-01-01','1991-03-01',58,NULL,NULL,NULL,'admin','2022-12-12 19:00:00',NULL,NULL),
	(548,12,'RAHMAD SIRAIT ,SH','196607071986021001','IV.A',NULL,'1966-07-07','1986-02-01',58,NULL,NULL,NULL,'admin','2022-12-12 19:00:00',NULL,NULL),
	(549,12,'ZAMZAMY ELWADIIP, S.IP. M.Si','198601212007011002','III.D','ESELON III','1986-01-21','2007-01-01',58,NULL,NULL,NULL,'admin','2022-12-12 19:00:00',NULL,NULL),
	(550,12,'HENNY HANDAYANI','197207141993032003','III.D','ESELON III','1972-07-14','1993-03-01',58,NULL,NULL,NULL,'admin','2022-12-12 19:00:00',NULL,NULL),
	(551,12,'ROBI ROGANDA PARSAULI.AN SARAGIH','198512252009031001','III.D','ESELON IV','1985-12-25','2009-03-01',58,NULL,NULL,NULL,'admin','2022-12-12 19:00:00',NULL,NULL),
	(552,12,'MUHAMMAD RUSLI ,S.Sos. I','197705102009031001','III.D',NULL,'1977-05-10','2009-03-01',58,NULL,NULL,NULL,'admin','2022-12-12 19:00:00',NULL,NULL),
	(553,12,'ESTI DI.AH GINARTI ,SE','196912091989032003','III.D',NULL,'1969-12-09','1989-03-01',58,NULL,NULL,NULL,'admin','2022-12-12 19:00:00',NULL,NULL),
	(554,12,'TOHO SINGKOBER SIMATUPANG ,S.Kom','197210152011011001','III.C','ESELON III','1972-10-15','2011-01-01',58,NULL,NULL,NULL,'admin','2022-12-12 19:00:00',NULL,NULL),
	(555,12,'NURSAIDUN AMIN SITORUS ,SE','198511252006041005','III.C',NULL,'1985-11-25','2006-04-01',58,NULL,NULL,NULL,'admin','2022-12-12 19:00:00',NULL,NULL),
	(556,12,'PANDU AZHARRY DAMANIK ,S.P','198511182017061001','III.B',NULL,'1985-11-18','2017-06-01',58,NULL,NULL,NULL,'admin','2022-12-12 19:00:00',NULL,NULL),
	(557,12,'HERI YANSYAH LUBIS','198701302011011011','III.A',NULL,'1987-01-30','2011-01-01',58,NULL,NULL,NULL,'admin','2022-12-12 19:00:00',NULL,NULL),
	(558,12,'SUSI.ANA ,A.Md','197811032010012014','III.A','ESELON IV','1978-11-03','2010-01-01',58,NULL,NULL,NULL,'admin','2022-12-12 19:00:00',NULL,NULL),
	(559,12,'BAHARI','198009302009061001','III.A',NULL,'1980-09-30','2009-06-01',58,NULL,NULL,NULL,'admin','2022-12-12 19:00:00',NULL,NULL),
	(560,12,'MHD. ALDY RAHMADAN, SSTP, M.Si','197808311997031002','II.C','ESELON III','1978-08-31','1997-03-01',58,NULL,NULL,NULL,'admin','2022-12-12 19:00:00',NULL,NULL),
	(561,12,'AHMAD ZUNAIDI','198309232010011016','II.C',NULL,'1983-09-23','2010-01-01',58,NULL,NULL,NULL,'admin','2022-12-12 19:00:00',NULL,NULL),
	(562,12,'ANDRI CITRA GUNAWAN','198801282010011004','II.C',NULL,'1988-01-28','2010-01-01',58,NULL,NULL,NULL,'admin','2022-12-12 19:00:00',NULL,NULL),
	(563,12,'HULMAN SARAGI','197509122010011015','II.C',NULL,'1975-09-12','2010-01-01',58,NULL,NULL,NULL,'admin','2022-12-12 19:00:00',NULL,NULL),
	(564,12,'LISMAWATI','198802272010012020','II.C',NULL,'1988-02-27','2010-01-01',58,NULL,NULL,NULL,'admin','2022-12-12 19:00:00',NULL,NULL),
	(565,14,'MHD.HAIR,SP.,M.SI','196709051989031005','IV.B','ESELON IV','1967-09-05','1989-03-01',58,NULL,NULL,NULL,'admin','2022-12-12 19:00:00',NULL,NULL),
	(566,14,'SAFRIL ,S.Pd.I','197308091994011001','IV.A','ESELON III','1973-08-09','1994-01-01',58,NULL,NULL,NULL,'admin','2022-12-12 19:00:00',NULL,NULL),
	(567,14,'BERLIN SOVYAN HUTABARAT ,S.Si.T','198809182011011002','III.D','ESELON II','1988-09-18','2011-01-01',60,NULL,NULL,NULL,'admin','2022-12-12 19:00:00',NULL,NULL),
	(568,14,'LAMHOT MAHULAE, ST. M.Si','197405022010011009','III.D','ESELON III','1974-05-02','2010-01-01',58,NULL,NULL,NULL,'admin','2022-12-12 19:00:00',NULL,NULL),
	(569,14,'FANWI MAULA BASYAR SIREGAR','198109072010011027','III.D','ESELON IV','1981-09-07','2010-01-01',58,NULL,NULL,NULL,'admin','2022-12-12 19:00:00',NULL,NULL),
	(570,14,'ROSNI HASIBUAN','197110011993032005','III.D','ESELON IV','1971-10-01','1993-03-01',58,NULL,NULL,NULL,'admin','2022-12-12 19:00:00',NULL,NULL),
	(571,14,'ANDRI PERBAWA ,S.STP.MAP','198307242002121001','III.D','ESELON IV','1983-07-24','2002-12-01',58,NULL,NULL,NULL,'admin','2022-12-12 19:00:00',NULL,NULL),
	(572,14,'IPEN TAMBUNAN, A.Md','196403011985011001','III.D',NULL,'1964-03-01','1985-01-01',58,NULL,NULL,NULL,'admin','2022-12-12 19:00:00',NULL,NULL),
	(573,14,'RAMLI SITUMORANG','196403021987021002','III.D',NULL,'1964-03-02','1987-02-01',58,NULL,NULL,NULL,'admin','2022-12-12 19:00:00',NULL,NULL),
	(574,14,'JUNI HARDI.ANTI, S.Kep','198906062010012003','III.C','ESELON IV','1989-06-06','2010-01-01',58,NULL,NULL,NULL,'admin','2022-12-12 19:00:00',NULL,NULL),
	(575,14,'SRI REZEKI ,SE','197708282011012006','III.C','ESELON IV','1977-08-28','2011-01-01',58,NULL,NULL,NULL,'admin','2022-12-12 19:00:00',NULL,NULL),
	(576,14,'ASMARELI ,SE','197303152009012002','III.C',NULL,'1973-03-15','2009-01-01',58,NULL,NULL,NULL,'admin','2022-12-12 19:00:00',NULL,NULL),
	(577,14,'RAMALAN ,S.Pd','198003252009031003','III.C','ESELON IV','1980-03-25','2009-03-01',58,NULL,NULL,NULL,'admin','2022-12-12 19:00:00',NULL,NULL),
	(578,14,'UMAR DARWIN LUBIS, S.PdI','197812022010011008','III.C',NULL,'1978-12-02','2010-01-01',58,NULL,NULL,NULL,'admin','2022-12-12 19:00:00',NULL,NULL),
	(579,14,'FRENSONI SAMOSIR ,SH','198009072015031003','III.B','ESELON IV','1980-09-07','2015-03-01',58,NULL,NULL,NULL,'admin','2022-12-12 19:00:00',NULL,NULL),
	(580,14,'BUDI ABDUL SATAR, SE','198510152010011017','III.B','ESELON IV','1985-10-15','2010-01-01',58,NULL,NULL,NULL,'admin','2022-12-12 19:00:00',NULL,NULL),
	(581,14,'IRWAN ESTOMI SI.AHAAN ,A.Md','198401222010011011','III.A','ESELON IV','1984-01-22','2010-01-01',58,NULL,NULL,NULL,'admin','2022-12-12 19:00:00',NULL,NULL),
	(582,14,'NGATINO','196709231989091002','II.D',NULL,'1967-09-23','1989-09-01',58,NULL,NULL,NULL,'admin','2022-12-12 19:00:00',NULL,NULL),
	(583,14,'IDRIS','196405051987121003','II.D',NULL,'1964-05-05','1987-12-01',58,NULL,NULL,NULL,'admin','2022-12-12 19:00:00',NULL,NULL),
	(584,14,'SYARIFUDDIN GINTING','196606071987121001','II.D',NULL,'1966-06-07','1987-12-01',58,NULL,NULL,NULL,'admin','2022-12-12 19:00:00',NULL,NULL),
	(585,14,'RUT LARAS SAKTI LUMBANRAJA ,A.Md','199605032018042001','II.C',NULL,'1996-05-03','2018-04-01',58,NULL,NULL,NULL,'admin','2022-12-12 19:00:00',NULL,NULL),
	(586,14,'SUYONO','196607171987121001','II.C',NULL,'1966-07-17','1987-12-01',58,NULL,NULL,NULL,'admin','2022-12-12 19:00:00',NULL,NULL),
	(587,14,'WAHYUDI SYAHPUTRA','198301022007011009','II.A',NULL,'1983-01-02','2007-01-01',58,NULL,NULL,NULL,'admin','2022-12-12 19:00:00',NULL,NULL),
	(588,15,'EDWIN ALDRIN SITORUS ,SE, S.Sos, M.Si','196907261993031005','IV.C','ESELON II','1969-07-26','1993-03-01',60,NULL,NULL,NULL,'admin','2022-12-12 19:00:00',NULL,NULL),
	(589,15,'ZULKARNAIN ,SE, M.Si','197201101994021002','IV.B','ESELON III','1972-01-10','1994-02-01',58,NULL,NULL,NULL,'admin','2022-12-12 19:00:00',NULL,NULL),
	(590,15,'ZULFAN SURI ,S.T','198403132010011018','III.D','ESELON III','1984-03-13','2010-01-01',58,NULL,NULL,NULL,'admin','2022-12-12 19:00:00',NULL,NULL),
	(591,15,'RUSWATI, SKM','197506161996032001','III.D','ESELON IV','1975-06-16','1996-03-01',58,NULL,NULL,NULL,'admin','2022-12-12 19:00:00',NULL,NULL),
	(592,15,'JONI ANGGOWONO','196403121986041001','III.D',NULL,'1964-03-12','1986-04-01',58,NULL,NULL,NULL,'admin','2022-12-12 19:00:00',NULL,NULL),
	(593,15,'JULI.ANTI, S.Sos','198707122010012025','III.D','ESELON IV','1987-07-12','2010-01-01',58,NULL,NULL,NULL,'admin','2022-12-12 19:00:00',NULL,NULL),
	(594,15,'AVRON VADLY SIMATUPANG','198009122009021002','III.D',NULL,'1980-09-12','2009-02-01',58,NULL,NULL,NULL,'admin','2022-12-12 19:00:00',NULL,NULL),
	(595,15,'HERMAN ZULKHAIRI ,S.Sos','197501172010011006','III.D',NULL,'1975-01-17','2010-01-01',58,NULL,NULL,NULL,'admin','2022-12-12 19:00:00',NULL,NULL),
	(596,15,'ALI.ANDI SAMOSIR ,SP, MM','197901212011011008','III.D',NULL,'1979-01-21','2011-01-01',58,NULL,NULL,NULL,'admin','2022-12-12 19:00:00',NULL,NULL),
	(597,15,'HAMDANI AHDA , S.T','198402292010011016','III.C','ESELON III','1984-02-29','2010-01-01',58,NULL,NULL,NULL,'admin','2022-12-12 19:00:00',NULL,NULL),
	(598,15,'MAISARAH HARAHAP ,ST','198610262014022001','III.C',NULL,'1986-10-26','2014-02-01',58,NULL,NULL,NULL,'admin','2022-12-12 19:00:00',NULL,NULL),
	(599,15,'JANI SAVITRI, S.M','198001202010012015','III.A',NULL,'1980-01-20','2010-01-01',58,NULL,NULL,NULL,'admin','2022-12-12 19:00:00',NULL,NULL),
	(600,15,'ANDIKA SYAHPUTRA','198512162010011016','II.B',NULL,'1985-12-16','2010-01-01',58,NULL,NULL,NULL,'admin','2022-12-12 19:00:00',NULL,NULL),
	(601,16,'ARIF HANAFI.AH, S.STP','198711152006021002','IV.A','ESELON II','1987-11-15','2006-02-01',60,NULL,NULL,NULL,'admin','2022-12-12 19:00:00',NULL,NULL),
	(602,16,'DEWI ARI.ANA MARGOLANG, S.T, M.M','198404122009032010','III.D','ESELON III','1984-04-12','2009-03-01',58,NULL,NULL,NULL,'admin','2022-12-12 19:00:00',NULL,NULL),
	(603,16,'LARNO ,SH','196912041990031005','III.D','ESELON III','1969-12-04','1990-03-01',58,NULL,NULL,NULL,'admin','2022-12-12 19:00:00',NULL,NULL),
	(604,16,'ASWIN','196705311994121001','III.D','ESELON III','1967-05-31','1994-12-01',58,NULL,NULL,NULL,'admin','2022-12-12 19:00:00',NULL,NULL),
	(605,16,'CHANDRA SI.AHAAN ,SE','198410252009031005','III.D',NULL,'1984-10-25','2009-03-01',58,NULL,NULL,NULL,'admin','2022-12-12 19:00:00',NULL,NULL),
	(606,16,'DODI SUMARNA , ST, M.M','198301252010011018','III.D',NULL,'1983-01-25','2010-01-01',58,NULL,NULL,NULL,'admin','2022-12-12 19:00:00',NULL,NULL),
	(607,16,'UNTUNG WAHYUTI ,S.E','197307062005021002','III.C',NULL,'1973-07-06','2005-02-01',58,NULL,NULL,NULL,'admin','2022-12-12 19:00:00',NULL,NULL),
	(608,16,'FATTA HABIBI LUBIS ,A.Md','198302082009031004','III.B','ESELON IV','1983-02-08','2009-03-01',58,NULL,NULL,NULL,'admin','2022-12-12 19:00:00',NULL,NULL),
	(609,16,'ILHAM ZULKARNAIN PURBA ,A.Md','198906142011011003','III.A',NULL,'1989-06-14','2011-01-01',58,NULL,NULL,NULL,'admin','2022-12-12 19:00:00',NULL,NULL),
	(610,16,'AMIN SYAH PUTRA ,A.Md','198205152011011005','III.A',NULL,'1982-05-15','2011-01-01',58,NULL,NULL,NULL,'admin','2022-12-12 19:00:00',NULL,NULL),
	(611,16,'RIDUWAN','198201122010011019','II.C',NULL,'1982-01-12','2010-01-01',58,NULL,NULL,NULL,'admin','2022-12-12 19:00:00',NULL,NULL),
	(612,17,'Drs, AZWAR ,M.Si','196803221996011001','IV.B',NULL,'1968-03-22','1996-01-01',58,NULL,NULL,NULL,'admin','2022-12-12 19:00:00',NULL,NULL),
	(613,17,'MEI LINDA SURYANTI LUBIS ,SSTP,M.AP','198705262006022002','IV.A','ESELON III','1987-05-26','2006-02-01',58,NULL,NULL,NULL,'admin','2022-12-12 19:00:00',NULL,NULL),
	(614,17,'HERRYAWAN ,ST, M.Si','198412172011011013','IV.A','ESELON III','1984-12-17','2011-01-01',58,NULL,NULL,NULL,'admin','2022-12-12 19:00:00',NULL,NULL),
	(615,17,'DRS. POLTAK SITUMORANG','196510011987121003','IV.A',NULL,'1965-10-01','1987-12-01',58,NULL,NULL,NULL,'admin','2022-12-12 19:00:00',NULL,NULL),
	(616,17,'FAJRIN SYARIF ,SE, M.Si','198601162011011018','III.D','ESELON III','1986-01-16','2011-01-01',58,NULL,NULL,NULL,'admin','2022-12-12 19:00:00',NULL,NULL),
	(617,17,'AHMAD BUDIMAN MARPAUNG ,SE','198103112009071001','III.D','ESELON IV','1981-03-11','2009-07-01',58,NULL,NULL,NULL,'admin','2022-12-12 19:00:00',NULL,NULL),
	(618,17,'HAIRIL ANWAR, SE','196501181992031006','III.D',NULL,'1965-01-18','1992-03-01',58,NULL,NULL,NULL,'admin','2022-12-12 19:00:00',NULL,NULL),
	(619,17,'LI.AN PRAMONO, SE','197508251998031002','III.D',NULL,'1975-08-25','1998-03-01',58,NULL,NULL,NULL,'admin','2022-12-12 19:00:00',NULL,NULL),
	(620,17,'AGUSTINA RIDOWATI NAINGGOLAN , S.Kom','198208172005022003','III.D',NULL,'1982-08-17','2005-02-01',58,NULL,NULL,NULL,'admin','2022-12-12 19:00:00',NULL,NULL),
	(621,17,'BAMBANG KURNI.AWAN ,S.Pd.I','198301312010011004','III.D',NULL,'1983-01-31','2010-01-01',58,NULL,NULL,NULL,'admin','2022-12-12 19:00:00',NULL,NULL),
	(622,17,'JHONFREDY HOTMAN PAHALA SITANGGANG\n,SH','198408152011011009','III.D',NULL,'1984-08-15','2011-01-01',58,NULL,NULL,NULL,'admin','2022-12-12 19:00:00',NULL,NULL),
	(623,17,'RAYA SARAGI SIMARMATA ,SE','197409102010011007','III.B',NULL,'1974-09-10','2010-01-01',58,NULL,NULL,NULL,'admin','2022-12-12 19:00:00',NULL,NULL),
	(624,17,'BUDI MULYONO, A.Md','197610082010011014','III.B',NULL,'1976-10-08','2010-01-01',58,NULL,NULL,NULL,'admin','2022-12-12 19:00:00',NULL,NULL),
	(625,17,'RAMA FITRI.A SIMARMATA ,SE','198008042010012018','III.B',NULL,'1980-08-04','2010-01-01',58,NULL,NULL,NULL,'admin','2022-12-12 19:00:00',NULL,NULL),
	(626,17,'MUHAMMAD WARDANA ,S.Kom','199502152019031002','III.A',NULL,'1995-02-15','2019-03-01',58,NULL,NULL,NULL,'admin','2022-12-12 19:00:00',NULL,NULL),
	(627,17,'SITI KHADIJAH NAPITUPULU ,S.M','199604252019032001','III.A',NULL,'1996-04-25','2019-03-01',58,NULL,NULL,NULL,'admin','2022-12-12 19:00:00',NULL,NULL),
	(628,17,'MUNIR EFENDI','196804101987121002','II.D',NULL,'1968-04-10','1987-12-01',58,NULL,NULL,NULL,'admin','2022-12-12 19:00:00',NULL,NULL),
	(629,17,'MUHAMMAD NURDI.ANSAH','199012072011011002','II.B',NULL,'1990-12-07','2011-01-01',58,NULL,NULL,NULL,'admin','2022-12-12 19:00:00',NULL,NULL),
	(630,18,'Drs. SAPRI, MM','197007101998011002','IV.B','ESELON II','1970-07-10','1998-01-01',60,NULL,NULL,NULL,'admin','2022-12-12 19:00:00',NULL,NULL),
	(631,18,'MUHAMMAD YUNUS','196806151995121001','IV.A',NULL,'1968-06-15','1995-12-01',58,NULL,NULL,NULL,'admin','2022-12-12 19:00:00',NULL,NULL),
	(632,18,'AISYAH ,S.Pd','196812261994122003','IV.A',NULL,'1968-12-26','1994-12-01',58,NULL,NULL,NULL,'admin','2022-12-12 19:00:00',NULL,NULL),
	(633,18,'PANTUN HARI.ANJA ,SE','198510052011011011','III.D','ESELON III','1985-10-05','2011-01-01',58,NULL,NULL,NULL,'admin','2022-12-12 19:00:00',NULL,NULL),
	(634,18,'FAHRIZAL ABDI ,S.Pd','198206012009031003','III.D','ESELON III','1982-06-01','2009-03-01',58,NULL,NULL,NULL,'admin','2022-12-12 19:00:00',NULL,NULL),
	(635,18,'MUHARRINI SYAHRI ,S.S','198410072010012034','III.D',NULL,'1984-10-07','2010-01-01',58,NULL,NULL,NULL,'admin','2022-12-12 19:00:00',NULL,NULL),
	(636,18,'MUJIONO ,S.Pd','198102122008011002','III.D',NULL,'1981-02-12','2008-01-01',58,NULL,NULL,NULL,'admin','2022-12-12 19:00:00',NULL,NULL),
	(637,18,'SURIYATIK SARAGIH ,S.Pd','198608082010012030','III.D',NULL,'1986-08-08','2010-01-01',58,NULL,NULL,NULL,'admin','2022-12-12 19:00:00',NULL,NULL),
	(638,18,'AHYARUDDIN SALIM ,S.Pd','198211302006041004','III.D',NULL,'1982-11-30','2006-04-01',58,NULL,NULL,NULL,'admin','2022-12-12 19:00:00',NULL,NULL),
	(639,18,'Drs. SUHARTONO','196711252005021001','III.D',NULL,'1967-11-25','2005-02-01',58,NULL,NULL,NULL,'admin','2022-12-12 19:00:00',NULL,NULL),
	(640,18,'MUKHTAR SALEH ,S.Pd','198506302009031005','III.D',NULL,'1985-06-30','2009-03-01',58,NULL,NULL,NULL,'admin','2022-12-12 19:00:00',NULL,NULL),
	(641,18,'JAINI , S. Pd','196706171993011001','III.D',NULL,'1967-06-17','1993-01-01',58,NULL,NULL,NULL,'admin','2022-12-12 19:00:00',NULL,NULL),
	(642,18,'HALIMAH, S.Pd.I','197305132008012001','III.C','ESELON III','1973-05-13','2008-01-01',58,NULL,NULL,NULL,'admin','2022-12-12 19:00:00',NULL,NULL),
	(643,18,'WIDARUNA, SE','197902102011011006','III.C','ESELON III','1979-02-10','2011-01-01',58,NULL,NULL,NULL,'admin','2022-12-12 19:00:00',NULL,NULL),
	(644,18,'RIKI GUNAWAN NASUTION ,S.Pd','198403192010011018','III.C',NULL,'1984-03-19','2010-01-01',58,NULL,NULL,NULL,'admin','2022-12-12 19:00:00',NULL,NULL),
	(645,18,'SUWARNO ,S.Pd','197805032014061002','III.B','ESELON IV','1978-05-03','2014-06-01',58,NULL,NULL,NULL,'admin','2022-12-12 19:00:00',NULL,NULL),
	(646,18,'PARISMA PANE ,AMd','198502042009031004','III.A',NULL,'1985-02-04','2009-03-01',58,NULL,NULL,NULL,'admin','2022-12-12 19:00:00',NULL,NULL),
	(647,18,'RIZKI MESTIKA SARI','198808312010012009','II.D',NULL,'1988-08-31','2010-01-01',58,NULL,NULL,NULL,'admin','2022-12-12 19:00:00',NULL,NULL),
	(648,18,'APRI.ANDI ,A.Ma.Pd.OR','198307082014061003','II.C',NULL,'1983-07-08','2014-06-01',58,NULL,NULL,NULL,'admin','2022-12-12 19:00:00',NULL,NULL),
	(649,19,'Drs. M. BAKRI, H','196702021995031003','IV.B','ESELON III','1967-02-02','1995-03-01',58,NULL,NULL,NULL,'admin','2022-12-12 19:00:00',NULL,NULL),
	(650,19,'ELPANDI ,S.Ag','197412212010011005','IV.A','ESELON II','1974-12-21','2010-01-01',60,NULL,NULL,NULL,'admin','2022-12-12 19:00:00',NULL,NULL),
	(651,19,'SUHERMAN BATU BARA ,SE, M.Si','196805281994021001','IV.A',NULL,'1968-05-28','1994-02-01',58,NULL,NULL,NULL,'admin','2022-12-12 19:00:00',NULL,NULL),
	(652,19,'AZHAR ,S.Pd,M.Pd','197804162010011016','IV.A',NULL,'1978-04-16','2010-01-01',58,NULL,NULL,NULL,'admin','2022-12-12 19:00:00',NULL,NULL),
	(653,19,'MAYA SUKANTI ,S.Sos','198401232010012020','III.D','ESELON III','1984-01-23','2010-01-01',58,NULL,NULL,NULL,'admin','2022-12-12 19:00:00',NULL,NULL),
	(654,19,'ERIKA SINAGA ,S.Sos','196907161994032006','III.D',NULL,'1969-07-16','1994-03-01',58,NULL,NULL,NULL,'admin','2022-12-12 19:00:00',NULL,NULL),
	(655,19,'RITA JUMAIDAR ,S.Ag','197405102008012005','III.D',NULL,'1974-05-10','2008-01-01',58,NULL,NULL,NULL,'admin','2022-12-12 19:00:00',NULL,NULL),
	(656,19,'PONIRIN ,S.A.P','198012072006041005','III.D',NULL,'1980-12-07','2006-04-01',58,NULL,NULL,NULL,'admin','2022-12-12 19:00:00',NULL,NULL),
	(657,19,'HERMAYANTHI SYAHFITRI ,S.sos','198409032009032001','III.D',NULL,'1984-09-03','2009-03-01',58,NULL,NULL,NULL,'admin','2022-12-12 19:00:00',NULL,NULL),
	(658,19,'SRI KUSTINA ,S.Pd,M.Si','196611182008012002','III.D',NULL,'1966-11-18','2008-01-01',58,NULL,NULL,NULL,'admin','2022-12-12 19:00:00',NULL,NULL),
	(659,19,'MUHAMMAD IDHAM, S.Sos, MA','198305052010011037','III.D',NULL,'1983-05-05','2010-01-01',58,NULL,NULL,NULL,'admin','2022-12-12 19:00:00',NULL,NULL),
	(660,19,'RADHI.ATUL JANNAH ZALUKHU ,S.Sos','198501162010012023','III.C','ESELON IV','1985-01-16','2010-01-01',58,NULL,NULL,NULL,'admin','2022-12-12 19:00:00',NULL,NULL),
	(661,19,'UJUAN MANURUNG ,S.Pd','197202092010011003','III.C',NULL,'1972-02-09','2010-01-01',58,NULL,NULL,NULL,'admin','2022-12-12 19:00:00',NULL,NULL),
	(662,19,'BOBBY IRWANSYAH SARAGIH ,SE','198011242010011013','III.B',NULL,'1980-11-24','2010-01-01',58,NULL,NULL,NULL,'admin','2022-12-12 19:00:00',NULL,NULL),
	(663,19,'FERA HANDAYANI BR.GINTING ,A.Md','198206052010012039','III.A',NULL,'1982-06-05','2010-01-01',58,NULL,NULL,NULL,'admin','2022-12-12 19:00:00',NULL,NULL),
	(664,21,'MUHAMMAD RIDWAN, SP, M.Agric.Sc','197604192006041003','IV.B','ESELON II','1976-04-19','2006-04-01',60,NULL,NULL,NULL,'admin','2022-12-12 19:00:00',NULL,NULL),
	(665,21,'Ir. SUSILISTI.AWATI RITONGA, M.Si','196802281993032002','IV.B',NULL,'1968-02-28','1993-03-01',58,NULL,NULL,NULL,'admin','2022-12-12 19:00:00',NULL,NULL),
	(666,21,'SURI.ANA ,SP','196709091988032002','IV.A','ESELON III','1967-09-09','1988-03-01',58,NULL,NULL,NULL,'admin','2022-12-12 19:00:00',NULL,NULL),
	(667,21,'TITIR BUTAR BUTAR, SP. MP.','196806251997122001','IV.A',NULL,'1968-06-25','1997-12-01',58,NULL,NULL,NULL,'admin','2022-12-12 19:00:00',NULL,NULL),
	(668,21,'ROHELA ,S.P,M.Si','197812052010012014','IV.A','ESELON III','1978-12-05','2010-01-01',58,NULL,NULL,NULL,'admin','2022-12-12 19:00:00',NULL,NULL),
	(669,21,'MARI.ANI ,S.P','196511011988032005','IV.A',NULL,'1965-11-01','1988-03-01',58,NULL,NULL,NULL,'admin','2022-12-12 19:00:00',NULL,NULL),
	(670,21,'RITA DESLI.ANA ,SP.MS.i','196612161988032002','IV.A',NULL,'1966-12-16','1988-03-01',58,NULL,NULL,NULL,'admin','2022-12-12 19:00:00',NULL,NULL),
	(671,21,'ANANDA FADHILLAH AKBAR ,SP','198309172011011013','III.D','ESELON III','1983-09-17','2011-01-01',58,NULL,NULL,NULL,'admin','2022-12-12 19:00:00',NULL,NULL),
	(672,21,'ADE SETI.AWAN ,SP','198501062009031002','III.D','ESELON III','1985-01-06','2009-03-01',58,NULL,NULL,NULL,'admin','2022-12-12 19:00:00',NULL,NULL),
	(673,21,'RAME HERYAWATI MARGARETHA NABABAN\n,S.Pt','198209062010012039','III.D','ESELON IV','1982-09-06','2010-01-01',58,NULL,NULL,NULL,'admin','2022-12-12 19:00:00',NULL,NULL),
	(674,21,'RINI ANDAYUNI ,S.P','197706072010012026','III.D',NULL,'1977-06-07','2010-01-01',58,NULL,NULL,NULL,'admin','2022-12-12 19:00:00',NULL,NULL),
	(675,21,'YULIZARNI OKTAVI.A ,S.P','198210252011012014','III.D',NULL,'1982-10-25','2011-01-01',58,NULL,NULL,NULL,'admin','2022-12-12 19:00:00',NULL,NULL),
	(676,21,'FERRY M. SIMANJUNTAK, S.TP','198205312008041001','III.D',NULL,'1982-05-31','2008-04-01',58,NULL,NULL,NULL,'admin','2022-12-12 19:00:00',NULL,NULL),
	(677,21,'INDRAWATI ,SP','197704042009032003','III.D',NULL,'1977-04-04','2009-03-01',58,NULL,NULL,NULL,'admin','2022-12-12 19:00:00',NULL,NULL),
	(678,21,'SITI ANDRI.ANI ,S.Pt,MM','198206032009032006','III.D',NULL,'1982-06-03','2009-03-01',58,NULL,NULL,NULL,'admin','2022-12-12 19:00:00',NULL,NULL),
	(679,21,'ALI RAJA ALAM HARAHAP ,SP.MM','198109192011011008','III.D',NULL,'1981-09-19','2011-01-01',58,NULL,NULL,NULL,'admin','2022-12-12 19:00:00',NULL,NULL),
	(680,21,'YENNY ROSIVA SINAGA ,S.Hut,M.Sc,MT','198509132009032003','III.D',NULL,'1985-09-13','2009-03-01',58,NULL,NULL,NULL,'admin','2022-12-12 19:00:00',NULL,NULL),
	(681,21,'OKTAFI.ANUS SORMIN SIREGAR ,SP','196901192009011002','III.D',NULL,'1969-01-19','2009-01-01',58,NULL,NULL,NULL,'admin','2022-12-12 19:00:00',NULL,NULL),
	(682,21,'LULU VILLA VERDE ,SP','198102252011011007','III.D',NULL,'1981-02-25','2011-01-01',58,NULL,NULL,NULL,'admin','2022-12-12 19:00:00',NULL,NULL),
	(683,21,'ZULFI AMRI ,SP','196505081988031006','III.D',NULL,'1965-05-08','1988-03-01',58,NULL,NULL,NULL,'admin','2022-12-12 19:00:00',NULL,NULL),
	(684,21,'TONY PARULI.AN SIMANJUNTAK ,SP','197801302010011007','III.C',NULL,'1978-01-30','2010-01-01',58,NULL,NULL,NULL,'admin','2022-12-12 19:00:00',NULL,NULL),
	(685,21,'JOHN HYMMAN SIREGAR ,SP','197504092010011013','III.C',NULL,'1975-04-09','2010-01-01',58,NULL,NULL,NULL,'admin','2022-12-12 19:00:00',NULL,NULL),
	(686,21,'ERNASARI','197409052010012004','III.C',NULL,'1974-09-05','2010-01-01',58,NULL,NULL,NULL,'admin','2022-12-12 19:00:00',NULL,NULL),
	(687,21,'HAJATU SA`DI.AH, SP','198110282009032004','III.C',NULL,'1981-10-28','2009-03-01',58,NULL,NULL,NULL,'admin','2022-12-12 19:00:00',NULL,NULL),
	(688,21,'SYARIFADILAH SAMOSIR ,SP','198712172011012017','III.C',NULL,'1987-12-17','2011-01-01',58,NULL,NULL,NULL,'admin','2022-12-12 19:00:00',NULL,NULL),
	(689,21,'AGUS HERMANSYAH ,SP','198508052011011019','III.C',NULL,'1985-08-05','2011-01-01',58,NULL,NULL,NULL,'admin','2022-12-12 19:00:00',NULL,NULL),
	(690,21,'KENNEDY,SST','197509012010011011','III.B',NULL,'1975-09-01','2010-01-01',58,NULL,NULL,NULL,'admin','2022-12-12 19:00:00',NULL,NULL),
	(691,21,'NAOMI ULI ARTA SI.AGI.AN ,S.TP','198707272011012018','III.B',NULL,'1987-07-27','2011-01-01',58,NULL,NULL,NULL,'admin','2022-12-12 19:00:00',NULL,NULL),
	(692,21,'SUMAIN ,S.P','198006172010011018','III.B',NULL,'1980-06-17','2010-01-01',58,NULL,NULL,NULL,'admin','2022-12-12 19:00:00',NULL,NULL),
	(693,21,'JANRI SIMBOLON, S.ST','199001012010011003','III.B',NULL,'1990-01-01','2010-01-01',58,NULL,NULL,NULL,'admin','2022-12-12 19:00:00',NULL,NULL),
	(694,21,'SRI.AMAN ,S.P','198205252017061003','III.B',NULL,'1982-05-25','2017-06-01',58,NULL,NULL,NULL,'admin','2022-12-12 19:00:00',NULL,NULL),
	(695,21,'MASKURA, SP','198808262010012007','III.B',NULL,'1988-08-26','2010-01-01',58,NULL,NULL,NULL,'admin','2022-12-12 19:00:00',NULL,NULL),
	(696,21,'FRENGKY TAMBUNAN S.P','198305052014031001','III.B',NULL,'1983-05-05','2014-03-01',58,NULL,NULL,NULL,'admin','2022-12-12 19:00:00',NULL,NULL),
	(697,21,'BAYU AJI RINALDI, S.ST','198512032010011011','III.A',NULL,'1985-12-03','2010-01-01',58,NULL,NULL,NULL,'admin','2022-12-12 19:00:00',NULL,NULL),
	(698,21,'SARMA JULI.ANA SILAEN ,SE','198607102014032001','III.A',NULL,'1986-07-10','2014-03-01',58,NULL,NULL,NULL,'admin','2022-12-12 19:00:00',NULL,NULL),
	(699,21,'SUHERI','198406202017061003','III.A',NULL,'1984-06-20','2017-06-01',58,NULL,NULL,NULL,'admin','2022-12-12 19:00:00',NULL,NULL),
	(700,21,'SUKAMTO, SP','198209022010011026','III.A',NULL,'1982-09-02','2010-01-01',58,NULL,NULL,NULL,'admin','2022-12-12 19:00:00',NULL,NULL),
	(701,21,'TAUFIQ DURRAHMAN ,SP','198210232011011014','III.A',NULL,'1982-10-23','2011-01-01',58,NULL,NULL,NULL,'admin','2022-12-12 19:00:00',NULL,NULL),
	(702,21,'CHANDRI LIDYA PUTRI NASUTION ,S.P','199011182019032010','III.A',NULL,'1990-11-18','2019-03-01',58,NULL,NULL,NULL,'admin','2022-12-12 19:00:00',NULL,NULL),
	(703,21,'IRWANSYAH HARAHAP ,A.Md','198311112014031002','III.A',NULL,'1983-11-11','2014-03-01',58,NULL,NULL,NULL,'admin','2022-12-12 19:00:00',NULL,NULL),
	(704,21,'RIO STANZAH SITANGGA ,A.Md','198703262014031001','II.D',NULL,'1987-03-26','2014-03-01',58,NULL,NULL,NULL,'admin','2022-12-12 19:00:00',NULL,NULL),
	(705,21,'CICI GAMI.ARSIH','199110272010012001','II.C',NULL,'1991-10-27','2010-01-01',58,NULL,NULL,NULL,'admin','2022-12-12 19:00:00',NULL,NULL),
	(706,21,'JENSUHARMO MANIK','198306262014031001','II.B',NULL,'1983-06-26','2014-03-01',58,NULL,NULL,NULL,'admin','2022-12-12 19:00:00',NULL,NULL),
	(707,21,'CHAIRIL ANWAR','197708062010011012','II.B',NULL,'1977-08-06','2010-01-01',58,NULL,NULL,NULL,'admin','2022-12-12 19:00:00',NULL,NULL),
	(708,20,'ANTONI RITONGA ,SP','196905291993031005','IV.A','ESELON II','1969-05-29','1993-03-01',60,NULL,NULL,NULL,'admin','2022-12-12 19:00:00',NULL,NULL),
	(709,20,'drh. RI.AN ARISANDY','198104192009031002','IV.A','ESELON III','1981-04-19','2009-03-01',58,NULL,NULL,NULL,'admin','2022-12-12 19:00:00',NULL,NULL),
	(710,20,'ARIZAR JUNI ,SP,M.Si','198006152010011023','IV.A',NULL,'1980-06-15','2010-01-01',58,NULL,NULL,NULL,'admin','2022-12-12 19:00:00',NULL,NULL),
	(711,20,'ZULKIFLI SIHOTANG ,Ma.Pd','196810051987121003','IV.A',NULL,'1968-10-05','1987-12-01',58,NULL,NULL,NULL,'admin','2022-12-12 19:00:00',NULL,NULL),
	(712,20,'AGUSTINUS SAMOSIR ,ST','197308292010011003','III.D','ESELON III','1973-08-29','2010-01-01',58,NULL,NULL,NULL,'admin','2022-12-12 19:00:00',NULL,NULL),
	(713,20,'JUNI.AR PANE ,S.Pi','197906022010012015','III.D','ESELON III','1979-06-02','2010-01-01',58,NULL,NULL,NULL,'admin','2022-12-12 19:00:00',NULL,NULL),
	(714,20,'AZMI ,S.St.Pi','198510092010011020','III.D','ESELON III','1985-10-09','2010-01-01',58,NULL,NULL,NULL,'admin','2022-12-12 19:00:00',NULL,NULL),
	(715,20,'TISA AYUNING BUDI ,S.Kel','198207292009032001','III.D','ESELON IV','1982-07-29','2009-03-01',58,NULL,NULL,NULL,'admin','2022-12-12 19:00:00',NULL,NULL),
	(716,20,'NELTA BR. PERANGIN ANGIN','196909171991032002','III.D',NULL,'1969-09-17','1991-03-01',58,NULL,NULL,NULL,'admin','2022-12-12 19:00:00',NULL,NULL),
	(717,20,'PIRHOT SIREGAR ,S.Pt','197811032009041001','III.D',NULL,'1978-11-03','2009-04-01',58,NULL,NULL,NULL,'admin','2022-12-12 19:00:00',NULL,NULL),
	(718,20,'JULPAN ,S.PKP','197004041993031012','III.D',NULL,'1970-04-04','1993-03-01',58,NULL,NULL,NULL,'admin','2022-12-12 19:00:00',NULL,NULL),
	(719,20,'INDARTI MIRA DINATA ,S.St.Pi, MM.','198703062010012017','III.D',NULL,'1987-03-06','2010-01-01',58,NULL,NULL,NULL,'admin','2022-12-12 19:00:00',NULL,NULL),
	(720,20,'ABU UBAIDAH ,SE','197303152008041001','III.D',NULL,'1973-03-15','2008-04-01',58,NULL,NULL,NULL,'admin','2022-12-12 19:00:00',NULL,NULL),
	(721,20,'JAMES SIMANJUNTAK','196406031992041001','III.D',NULL,'1964-06-03','1992-04-01',58,NULL,NULL,NULL,'admin','2022-12-12 19:00:00',NULL,NULL),
	(722,20,'ASEP GUNAWAN ,S.St.Pi','198504182014031001','III.C',NULL,'1985-04-18','2014-03-01',58,NULL,NULL,NULL,'admin','2022-12-12 19:00:00',NULL,NULL),
	(723,20,'AYUB SYAHPUTRA ,S.Pi','198407092010011033','III.C',NULL,'1984-07-09','2010-01-01',58,NULL,NULL,NULL,'admin','2022-12-12 19:00:00',NULL,NULL),
	(724,20,'JOGI ARLESTON ,S.St.Pi., M.P','198609242014031001','III.C',NULL,'1986-09-24','2014-03-01',58,NULL,NULL,NULL,'admin','2022-12-12 19:00:00',NULL,NULL),
	(725,20,'NADA SAFARINA ,S.S.T.Pi, M.M','199109252014032001','III.C',NULL,'1991-09-25','2014-03-01',58,NULL,NULL,NULL,'admin','2022-12-12 19:00:00',NULL,NULL),
	(726,20,'AZIM ZAIR ,S.Pt','197812222011011003','III.C',NULL,'1978-12-22','2011-01-01',58,NULL,NULL,NULL,'admin','2022-12-12 19:00:00',NULL,NULL),
	(727,20,'FITRI.ANI, S.Pi','199102032010012003','III.B',NULL,'1991-02-03','2010-01-01',58,NULL,NULL,NULL,'admin','2022-12-12 19:00:00',NULL,NULL),
	(728,20,'NURMAYASARI, S.Pi','199109212010012001','III.B',NULL,'1991-09-21','2010-01-01',58,NULL,NULL,NULL,'admin','2022-12-12 19:00:00',NULL,NULL),
	(729,20,'YUKIE ARTHA SI.AHAAN, S.Pt','199106252014032001','III.B',NULL,'1991-06-25','2014-03-01',58,NULL,NULL,NULL,'admin','2022-12-12 19:00:00',NULL,NULL),
	(730,20,'MAUREN SUALANG, S.Pi','199108032014032005','III.A',NULL,'1991-08-03','2014-03-01',58,NULL,NULL,NULL,'admin','2022-12-12 19:00:00',NULL,NULL),
	(731,20,'M. SOLEH,S.Pi','199009112010011001','III.A',NULL,'1990-09-11','2010-01-01',58,NULL,NULL,NULL,'admin','2022-12-12 19:00:00',NULL,NULL),
	(732,20,'JUNITA PURWASIH, S.Pi','199406012014032001','III.A',NULL,'1994-06-01','2014-03-01',58,NULL,NULL,NULL,'admin','2022-12-12 19:00:00',NULL,NULL),
	(733,20,'ELRI.ANDI GUNADI RITONGA ,S.S.T.Pi','199304082019031004','III.A',NULL,'1993-04-08','2019-03-01',58,NULL,NULL,NULL,'admin','2022-12-12 19:00:00',NULL,NULL),
	(734,20,'ELLY ANDRI.ANI PASARIBU','198407062014032002','III.A',NULL,'1984-07-06','2014-03-01',58,NULL,NULL,NULL,'admin','2022-12-12 19:00:00',NULL,NULL),
	(735,20,'JUDINA SIREGAR ,A.Md','198409142014032002','III.A',NULL,'1984-09-14','2014-03-01',58,NULL,NULL,NULL,'admin','2022-12-12 19:00:00',NULL,NULL),
	(736,20,'FRISCA DEWINTA SINAGA ,A.Md','198609132014032004','III.A',NULL,'1986-09-13','2014-03-01',58,NULL,NULL,NULL,'admin','2022-12-12 19:00:00',NULL,NULL),
	(737,20,'SITI ROHIMAH SINURAT','199102122010012001','II.D',NULL,'1991-02-12','2010-01-01',58,NULL,NULL,NULL,'admin','2022-12-12 19:00:00',NULL,NULL),
	(738,20,'SITI HAWA','199105012010012001','II.D',NULL,'1991-05-01','2010-01-01',58,NULL,NULL,NULL,'admin','2022-12-12 19:00:00',NULL,NULL),
	(739,20,'SITI ZAHARA','199108292010012001','II.D',NULL,'1991-08-29','2010-01-01',58,NULL,NULL,NULL,'admin','2022-12-12 19:00:00',NULL,NULL),
	(740,20,'MUSRI.ANUR','198709132010011007','II.D',NULL,'1987-09-13','2010-01-01',58,NULL,NULL,NULL,'admin','2022-12-12 19:00:00',NULL,NULL),
	(741,20,'DEBBY WAHYUNI','199005092010012002','II.C',NULL,'1990-05-09','2010-01-01',58,NULL,NULL,NULL,'admin','2022-12-12 19:00:00',NULL,NULL),
	(742,20,'JULIYANTO','197711102010011017','II.B',NULL,'1977-11-10','2010-01-01',58,NULL,NULL,NULL,'admin','2022-12-12 19:00:00',NULL,NULL),
	(743,20,'HELMY SYAH RUDI','199101012014031001','II.B',NULL,'1991-01-01','2014-03-01',58,NULL,NULL,NULL,'admin','2022-12-12 19:00:00',NULL,NULL),
	(744,26,'ABDU ZAHRUL ,S.Sos, M.Si','196606241987121001','IV.A','ESELON II','1966-06-24','1987-12-01',60,NULL,NULL,NULL,'admin','2022-12-12 19:00:00',NULL,NULL),
	(745,26,'RUZAN SISWA YUDHA ,ST.,M.AP','198308272008041001','IV.A','ESELON III','1983-08-27','2008-04-01',58,NULL,NULL,NULL,'admin','2022-12-12 19:00:00',NULL,NULL),
	(746,26,'YAZERIL HARAHAP','197305172000031005','IV.A',NULL,'1973-05-17','2000-03-01',58,NULL,NULL,NULL,'admin','2022-12-12 19:00:00',NULL,NULL),
	(747,26,'DENNI HARDEDI BANGUN','198304042009031005','III.D','ESELON III','1983-04-04','2009-03-01',58,NULL,NULL,NULL,'admin','2022-12-12 19:00:00',NULL,NULL),
	(748,26,'BADE BELANTARA, S.P., M.Si','197411302006041019','III.D','ESELON III','1974-11-30','2006-04-01',58,NULL,NULL,NULL,'admin','2022-12-12 19:00:00',NULL,NULL),
	(749,26,'TOPAN EROS KURNI.A PANE ,SP. MM','198406062010011007','III.D','ESELON III','1984-06-06','2010-01-01',58,NULL,NULL,NULL,'admin','2022-12-12 19:00:00',NULL,NULL),
	(750,26,'RIZKI NAULI HARAHAP ,S,Sos','198211302011011010','III.D','ESELON IV','1982-11-30','2011-01-01',58,NULL,NULL,NULL,'admin','2022-12-12 19:00:00',NULL,NULL),
	(751,26,'JUSNA WETTI RAJAGUKGUK ,S.Si','198101172010012018','III.D',NULL,'1981-01-17','2010-01-01',58,NULL,NULL,NULL,'admin','2022-12-12 19:00:00',NULL,NULL),
	(752,26,'HERWANSYAH ,ST','197404142010011009','III.D',NULL,'1974-04-14','2010-01-01',58,NULL,NULL,NULL,'admin','2022-12-12 19:00:00',NULL,NULL),
	(753,26,'NETTY MARLINA SI.AHAAN ,S.T','197406242010012006','III.D',NULL,'1974-06-24','2010-01-01',58,NULL,NULL,NULL,'admin','2022-12-12 19:00:00',NULL,NULL),
	(754,26,'YAFIZSYAM ,S.T.,MT','197505252010011015','III.D',NULL,'1975-05-25','2010-01-01',58,NULL,NULL,NULL,'admin','2022-12-12 19:00:00',NULL,NULL),
	(755,26,'KARTIKA MARYANTHI TARIGAN ,S.Kom, M.Sc, MA','198503162010012037','III.D',NULL,'1985-03-16','2010-01-01',58,NULL,NULL,NULL,'admin','2022-12-12 19:00:00',NULL,NULL),
	(756,26,'SRIULINA BR SEMBIRING, SP, MPWK','197905132008042001','III.D',NULL,'1979-05-13','2008-04-01',58,NULL,NULL,NULL,'admin','2022-12-12 19:00:00',NULL,NULL),
	(757,26,'AHMAD FADHLY ,SE','198310312010031001','III.C','ESELON III','1983-10-31','2010-03-01',58,NULL,NULL,NULL,'admin','2022-12-12 19:00:00',NULL,NULL),
	(758,26,'DAVID PARTOGI BANJARNAHOR ,S.E.','198701142010011008','III.C','ESELON IV','1987-01-14','2010-01-01',58,NULL,NULL,NULL,'admin','2022-12-12 19:00:00',NULL,NULL),
	(759,26,'ELIEZER BRESMAN SIHOTANG, S.E','198712032010011005','III.C',NULL,'1987-12-03','2010-01-01',58,NULL,NULL,NULL,'admin','2022-12-12 19:00:00',NULL,NULL),
	(760,26,'ILHAM SYAHPUTRA RAMBE, S.H.','197508012006041002','III.C',NULL,'1975-08-01','2006-04-01',58,NULL,NULL,NULL,'admin','2022-12-12 19:00:00',NULL,NULL),
	(761,26,'ARI KASENDA','198901072010011002','III.C',NULL,'1989-01-07','2010-01-01',58,NULL,NULL,NULL,'admin','2022-12-12 19:00:00',NULL,NULL),
	(762,26,'FAISAL RIZA ,SE','198309052010011027','III.B',NULL,'1983-09-05','2010-01-01',58,NULL,NULL,NULL,'admin','2022-12-12 19:00:00',NULL,NULL),
	(763,26,'MUHAMMAD HARIS , SE','198110222010011024','III.B',NULL,'1981-10-22','2010-01-01',58,NULL,NULL,NULL,'admin','2022-12-12 19:00:00',NULL,NULL),
	(764,26,'HOTMARLINA','198509032014032002','III.B',NULL,'1985-09-03','2014-03-01',58,NULL,NULL,NULL,'admin','2022-12-12 19:00:00',NULL,NULL),
	(765,26,'YASINTA TAMBUNAN, S.M','199505202014032001','III.A',NULL,'1995-05-20','2014-03-01',58,NULL,NULL,NULL,'admin','2022-12-12 19:00:00',NULL,NULL),
	(766,26,'SOMAN, S.Pd.','197703012001031002','III.A',NULL,'1977-03-01','2001-03-01',58,NULL,NULL,NULL,'admin','2022-12-12 19:00:00',NULL,NULL),
	(767,26,'EVA YUNI HANDAYANI ,S.Kom','199011302019032003','III.A',NULL,'1990-11-30','2019-03-01',58,NULL,NULL,NULL,'admin','2022-12-12 19:00:00',NULL,NULL),
	(768,26,'DARMA MULATUA HUTABARAT','198107182010011026','II.D',NULL,'1981-07-18','2010-01-01',58,NULL,NULL,NULL,'admin','2022-12-12 19:00:00',NULL,NULL),
	(769,26,'PARLAUNGAN NASUTION','197504092010011015','II.D',NULL,'1975-04-09','2010-01-01',58,NULL,NULL,NULL,'admin','2022-12-12 19:00:00',NULL,NULL),
	(770,28,'Dr .Ir. H. HAKIM, M.Si','196604171998031004','IV.C','ESELON II','1966-04-17','1998-03-01',60,NULL,NULL,NULL,'admin','2022-12-12 19:00:00',NULL,NULL),
	(771,28,'Ir, ANDI RAHMAD ,S.H,MSi','196605021992031007','IV.B','ESELON III','1966-05-02','1992-03-01',58,NULL,NULL,NULL,'admin','2022-12-12 19:00:00',NULL,NULL),
	(772,28,'ASRUL RASIMIN, SH,MM','196804011989031010','IV.B',NULL,'1968-04-01','1989-03-01',58,NULL,NULL,NULL,'admin','2022-12-12 19:00:00',NULL,NULL),
	(773,28,'HAPPY NEW YEAR BB ,SE, MM','198401012008042002','III.D','ESELON III','1984-01-01','2008-04-01',58,NULL,NULL,NULL,'admin','2022-12-12 19:00:00',NULL,NULL),
	(774,28,'NEUPAL BOSSTER MARPAUNG ,SE','198104302009031001','III.D','ESELON III','1981-04-30','2009-03-01',58,NULL,NULL,NULL,'admin','2022-12-12 19:00:00',NULL,NULL),
	(775,28,'ZAINUL ARIF.,SEI, M.M','198512302010011028','III.D','ESELON III','1985-12-30','2010-01-01',58,NULL,NULL,NULL,'admin','2022-12-12 19:00:00',NULL,NULL),
	(776,28,'SAIPUDIN SEFA ,SEI,MM','198508232010011018','III.D','ESELON III','1985-08-23','2010-01-01',58,NULL,NULL,NULL,'admin','2022-12-12 19:00:00',NULL,NULL),
	(777,28,'NURYANTI ,SE, MM','198202272011012008','III.C','ESELON IV','1982-02-27','2011-01-01',58,NULL,NULL,NULL,'admin','2022-12-12 19:00:00',NULL,NULL),
	(778,28,'IDARLI.ANI','197204041994022002','III.C','ESELON IV','1972-04-04','1994-02-01',58,NULL,NULL,NULL,'admin','2022-12-12 19:00:00',NULL,NULL),
	(779,28,'ERWINSYAH PUTRA DAULAY ,S.ST.Pi, M.M.','198807042014031002','III.C','ESELON IV','1988-07-04','2014-03-01',58,NULL,NULL,NULL,'admin','2022-12-12 19:00:00',NULL,NULL),
	(780,28,'YESSI AMELI.A AGUSTINA SIREGAR ,SE, MM','198608072011012022','III.C','ESELON IV','1986-08-07','2011-01-01',58,NULL,NULL,NULL,'admin','2022-12-12 19:00:00',NULL,NULL),
	(781,28,'SONGGY MEINER SI.AHAAN ,ST','198605302010011018','III.C','ESELON IV','1986-05-30','2010-01-01',58,NULL,NULL,NULL,'admin','2022-12-12 19:00:00',NULL,NULL),
	(782,28,'DHARMAWAN PUTRA,SE','198604242011011022','III.C','ESELON IV','1986-04-24','2011-01-01',58,NULL,NULL,NULL,'admin','2022-12-12 19:00:00',NULL,NULL),
	(783,28,'BINTI CHOIRUL MUAMANAH, SE, MSi','197907102010012022','III.B','ESELON IV','1979-07-10','2010-01-01',58,NULL,NULL,NULL,'admin','2022-12-12 19:00:00',NULL,NULL),
	(784,28,'MUHAMMAD KHAIRI MIZWAR S., S.Pi','199112212014031001','III.B',NULL,'1991-12-21','2014-03-01',58,NULL,NULL,NULL,'admin','2022-12-12 19:00:00',NULL,NULL),
	(785,28,'DEDI AHMAD FAUJI, SE.','198411102010011022','III.B','ESELON IV','1984-11-10','2010-01-01',58,NULL,NULL,NULL,'admin','2022-12-12 19:00:00',NULL,NULL),
	(786,28,'WILLY GITA ARJUNA.A ,Md','198706202010011014','III.B','ESELON IV','1987-06-20','2010-01-01',58,NULL,NULL,NULL,'admin','2022-12-12 19:00:00',NULL,NULL),
	(787,28,'YOPIE ASRI.ANSYAH ,SE','198408052014061001','III.B','ESELON IV','1984-08-05','2014-06-01',58,NULL,NULL,NULL,'admin','2022-12-12 19:00:00',NULL,NULL),
	(788,28,'FAUZI ANDAYU, A.Md','198711162010011008','III.B','ESELON IV','1987-11-16','2010-01-01',58,NULL,NULL,NULL,'admin','2022-12-12 19:00:00',NULL,NULL),
	(789,28,'MISPRANOTO, SM','198801212010011002','III.A',NULL,'1988-01-21','2010-01-01',58,NULL,NULL,NULL,'admin','2022-12-12 19:00:00',NULL,NULL),
	(790,28,'NUR INTEN PRATIWI ,S.P','199402202014032002','III.A',NULL,'1994-02-20','2014-03-01',58,NULL,NULL,NULL,'admin','2022-12-12 19:00:00',NULL,NULL),
	(791,28,'ANGIFTA ANDIYANI, SM','199101222010012001','III.A',NULL,'1991-01-22','2010-01-01',58,NULL,NULL,NULL,'admin','2022-12-12 19:00:00',NULL,NULL),
	(792,28,'MUTI.A MARDI.AH, S.M','198207072014062004','III.A',NULL,'1982-07-07','2014-06-01',58,NULL,NULL,NULL,'admin','2022-12-12 19:00:00',NULL,NULL),
	(793,28,'NINA GUSTINA RAHAYU NASUTION, S. Ak','199508132014032001','III.A',NULL,'1995-08-13','2014-03-01',58,NULL,NULL,NULL,'admin','2022-12-12 19:00:00',NULL,NULL),
	(794,28,'ARYA PRATAMA','198011122005021003','II.D',NULL,'1980-11-12','2005-02-01',58,NULL,NULL,NULL,'admin','2022-12-12 19:00:00',NULL,NULL),
	(795,28,'AYU RAHAYU','199106172010012001','II.C',NULL,'1991-06-17','2010-01-01',58,NULL,NULL,NULL,'admin','2022-12-12 19:00:00',NULL,NULL),
	(796,28,'RAHMADHANI','197609122010012017','II.C',NULL,'1976-09-12','2010-01-01',58,NULL,NULL,NULL,'admin','2022-12-12 19:00:00',NULL,NULL),
	(797,28,'RIZKI FADILAH','199106262010012002','II.C',NULL,'1991-06-26','2010-01-01',58,NULL,NULL,NULL,'admin','2022-12-12 19:00:00',NULL,NULL),
	(798,28,'DEDEK NOVI.ANTY SIREGAR','199002272014032001','II.B',NULL,'1990-02-27','2014-03-01',58,NULL,NULL,NULL,'admin','2022-12-12 19:00:00',NULL,NULL),
	(799,27,'RIJALI, S.Pd','197906042006041016','IV.B','ESELON II','1979-06-04','2006-04-01',60,NULL,NULL,NULL,'admin','2022-12-12 19:00:00',NULL,NULL),
	(800,27,'RAHMAD SUTANTO ,SE','197812242005021003','IV.A','ESELON III','1978-12-24','2005-02-01',58,NULL,NULL,NULL,'admin','2022-12-12 19:00:00',NULL,NULL),
	(801,27,'VERRY AGUSTI.AN ,S.Pd','198008082009031007','III.D',NULL,'1980-08-08','2009-03-01',58,NULL,NULL,NULL,'admin','2022-12-12 19:00:00',NULL,NULL),
	(802,27,'DERMANTO VERI HARI.ANJA ,S.Kom','198108202010011016','III.D','ESELON III','1981-08-20','2010-01-01',58,NULL,NULL,NULL,'admin','2022-12-12 19:00:00',NULL,NULL),
	(803,27,'FITRI.ANI ,S.S, M.M.','198207232010012019','III.D','ESELON III','1982-07-23','2010-01-01',58,NULL,NULL,NULL,'admin','2022-12-12 19:00:00',NULL,NULL),
	(804,27,'RINI SUBEKTI ,SE. MM','197905192011012003','III.D','ESELON III','1979-05-19','2011-01-01',58,NULL,NULL,NULL,'admin','2022-12-12 19:00:00',NULL,NULL),
	(805,27,'RAMADHAN SIREGAR ,SE. MM','197708242001121003','III.D','ESELON IV','1977-08-24','2001-12-01',58,NULL,NULL,NULL,'admin','2022-12-12 19:00:00',NULL,NULL),
	(806,27,'KHAIRIYAH, SE','197909122005042002','III.D',NULL,'1979-09-12','2005-04-01',58,NULL,NULL,NULL,'admin','2022-12-12 19:00:00',NULL,NULL),
	(807,27,'RINA AKHRI.ATY, SE., M.M','198111262008042001','III.D','ESELON IV','1981-11-26','2008-04-01',58,NULL,NULL,NULL,'admin','2022-12-12 19:00:00',NULL,NULL),
	(808,27,'IRWANSYAH ,S.Pd.M.M.','197711112011011006','III.D','ESELON III','1977-11-11','2011-01-01',58,NULL,NULL,NULL,'admin','2022-12-12 19:00:00',NULL,NULL),
	(809,27,'ARMAWATI, S.Pd','198407302010012024','III.C','ESELON IV','1984-07-30','2010-01-01',58,NULL,NULL,NULL,'admin','2022-12-12 19:00:00',NULL,NULL),
	(810,27,'RUT HELENA ASTRIDA NAINGGOLAN ,S.E','197909112009012005','III.C','ESELON IV','1979-09-11','2009-01-01',58,NULL,NULL,NULL,'admin','2022-12-12 19:00:00',NULL,NULL),
	(811,27,'IKA NORMALINA, S.Pd','198103212010012010','III.C','ESELON IV','1981-03-21','2010-01-01',58,NULL,NULL,NULL,'admin','2022-12-12 19:00:00',NULL,NULL),
	(812,27,'MUHAMMAD FADLI,SE','198807022010011009','III.C','ESELON IV','1988-07-02','2010-01-01',58,NULL,NULL,NULL,'admin','2022-12-12 19:00:00',NULL,NULL),
	(813,27,'EDY SURYANTA SITEPU ,SE','198511022010011011','III.B','ESELON IV','1985-11-02','2010-01-01',58,NULL,NULL,NULL,'admin','2022-12-12 19:00:00',NULL,NULL),
	(814,27,'RATNA SARI DEWI NASUTION ,S.E','198205082010012030','III.B',NULL,'1982-05-08','2010-01-01',58,NULL,NULL,NULL,'admin','2022-12-12 19:00:00',NULL,NULL),
	(815,27,'SYAIFUL LIZAN ,S.H','198811112010011001','III.A',NULL,'1988-11-11','2010-01-01',58,NULL,NULL,NULL,'admin','2022-12-12 19:00:00',NULL,NULL),
	(816,27,'NOVITA ROZA , S.Kom','197411172010012003','III.A','ESELON IV','1974-11-17','2010-01-01',58,NULL,NULL,NULL,'admin','2022-12-12 19:00:00',NULL,NULL),
	(817,27,'RABI.ATUL ADWIYAH ,SH','198206182010012024','III.A',NULL,'1982-06-18','2010-01-01',58,NULL,NULL,NULL,'admin','2022-12-12 19:00:00',NULL,NULL),
	(818,27,'RAFIKA YOESI SIHOMBING ,S.H','198711182010012023','III.A',NULL,'1987-11-18','2010-01-01',58,NULL,NULL,NULL,'admin','2022-12-12 19:00:00',NULL,NULL),
	(819,27,'NURHAYATI ,S.Kom','198808192010012018','III.A',NULL,'1988-08-19','2010-01-01',58,NULL,NULL,NULL,'admin','2022-12-12 19:00:00',NULL,NULL),
	(820,27,'SUSILAWATI ,S.H','198809052010012007','III.A',NULL,'1988-09-05','2010-01-01',58,NULL,NULL,NULL,'admin','2022-12-12 19:00:00',NULL,NULL),
	(821,27,'MUHAMMAD FAHRU BATUBARA ,A.Md','198506162011011028','III.A',NULL,'1985-06-16','2011-01-01',58,NULL,NULL,NULL,'admin','2022-12-12 19:00:00',NULL,NULL),
	(822,27,'DEVI SITORUS ,A.Md','198604212010012027','III.A',NULL,'1986-04-21','2010-01-01',58,NULL,NULL,NULL,'admin','2022-12-12 19:00:00',NULL,NULL),
	(823,27,'DAVIT KRISTI.AN SIMORANGKIR, SH','198011232014031001','III.A','ESELON IV','1980-11-23','2014-03-01',58,NULL,NULL,NULL,'admin','2022-12-12 19:00:00',NULL,NULL),
	(824,27,'PUJA MELATI ,SE','198901122019032004','III.A',NULL,'1989-01-12','2019-03-01',58,NULL,NULL,NULL,'admin','2022-12-12 19:00:00',NULL,NULL),
	(825,27,'FACHRUDDINSYAH MANSYAH ,SE','199203222019031008','III.A',NULL,'1992-03-22','2019-03-01',58,NULL,NULL,NULL,'admin','2022-12-12 19:00:00',NULL,NULL),
	(826,27,'NONI MAINDAYANTI, S.E','199505062020122011','III.A',NULL,'1995-05-06','2020-12-01',58,NULL,NULL,NULL,'admin','2022-12-12 19:00:00',NULL,NULL),
	(827,27,'SUDARWIN','198112242010011015','II.C',NULL,'1981-12-24','2010-01-01',58,NULL,NULL,NULL,'admin','2022-12-12 19:00:00',NULL,NULL),
	(828,27,'RUDI KURNI.AWAN','198304022010011023','II.C',NULL,'1983-04-02','2010-01-01',58,NULL,NULL,NULL,'admin','2022-12-12 19:00:00',NULL,NULL),
	(829,27,'ZAINUL ARIFIN','198412312010011050','II.C',NULL,'1984-12-31','2010-01-01',58,NULL,NULL,NULL,'admin','2022-12-12 19:00:00',NULL,NULL),
	(830,27,'M. ANSARI','198608092010011014','II.C',NULL,'1986-08-09','2010-01-01',58,NULL,NULL,NULL,'admin','2022-12-12 19:00:00',NULL,NULL),
	(831,27,'DIDI SUHARDI','199112092010011002','II.C',NULL,'1991-12-09','2010-01-01',58,NULL,NULL,NULL,'admin','2022-12-12 19:00:00',NULL,NULL),
	(832,27,'MHD. IQBAL','199011302011011001','II.C',NULL,'1990-11-30','2011-01-01',58,NULL,NULL,NULL,'admin','2022-12-12 19:00:00',NULL,NULL),
	(833,27,'MUHAMMAD AZENI CAPAH','199205182011011003','II.C',NULL,'1992-05-18','2011-01-01',58,NULL,NULL,NULL,'admin','2022-12-12 19:00:00',NULL,NULL),
	(834,27,'ANGGRI.ANI LANGGA SARI','198911182014032002','II.B',NULL,'1989-11-18','2014-03-01',58,NULL,NULL,NULL,'admin','2022-12-12 19:00:00',NULL,NULL),
	(835,5,'ROSDI.ANA DAMANIK ,SE, MM','196708291993032002','IV.C','ESELON III','1967-08-29','1993-03-01',58,NULL,NULL,NULL,'admin','2022-12-12 19:00:00',NULL,NULL),
	(836,5,'Drs, ABDUL RASYID ,S.Sos','196602021986021001','IV.B','ESELON II','1966-02-02','1986-02-01',60,NULL,NULL,NULL,'admin','2022-12-12 19:00:00',NULL,NULL),
	(837,5,'Dra., NURMALA NAIBAHO','196607091986022001','IV.B','ESELON III','1966-07-09','1986-02-01',58,NULL,NULL,NULL,'admin','2022-12-12 19:00:00',NULL,NULL),
	(838,5,'KAMILA ,SH.I','198511052009032006','III.D','ESELON IV','1985-11-05','2009-03-01',58,NULL,NULL,NULL,'admin','2022-12-12 19:00:00',NULL,NULL),
	(839,5,'ABDUL RAHMAN','196603111988031003','III.D','ESELON IV','1966-03-11','1988-03-01',58,NULL,NULL,NULL,'admin','2022-12-12 19:00:00',NULL,NULL),
	(840,5,'NURAINUN','196607051992032005','III.D','ESELON IV','1966-07-05','1992-03-01',58,NULL,NULL,NULL,'admin','2022-12-12 19:00:00',NULL,NULL),
	(841,5,'FIRMAN PANE, S.T., M.A.P.','198510042011011012','III.C','ESELON III','1985-10-04','2011-01-01',58,NULL,NULL,NULL,'admin','2022-12-12 19:00:00',NULL,NULL),
	(842,5,'MUSA','196908222007011024','III.C','ESELON IV','1969-08-22','2007-01-01',58,NULL,NULL,NULL,'admin','2022-12-12 19:00:00',NULL,NULL),
	(843,5,'AHMAD KADRI ,SH','198005032011011009','III.C','ESELON IV','1980-05-03','2011-01-01',58,NULL,NULL,NULL,'admin','2022-12-12 19:00:00',NULL,NULL),
	(844,5,'SUWANDI ,S.Pd','197809092010011019','III.C','ESELON IV','1978-09-09','2010-01-01',58,NULL,NULL,NULL,'admin','2022-12-12 19:00:00',NULL,NULL),
	(845,5,'RIZKI, SH','198603212010011016','III.B','ESELON IV','1986-03-21','2010-01-01',58,NULL,NULL,NULL,'admin','2022-12-12 19:00:00',NULL,NULL),
	(846,5,'DODY TISNA ADE GUSTA BANGUN ,ST','198112212010011017','III.B','ESELON IV','1981-12-21','2010-01-01',58,NULL,NULL,NULL,'admin','2022-12-12 19:00:00',NULL,NULL),
	(847,5,'NURLELA','198101182010012013','III.A',NULL,'1981-01-18','2010-01-01',58,NULL,NULL,NULL,'admin','2022-12-12 19:00:00',NULL,NULL),
	(848,5,'TOGAR IBRAHIM HASIBUAN ,S.T','199110072019031002','III.A',NULL,'1991-10-07','2019-03-01',58,NULL,NULL,NULL,'admin','2022-12-12 19:00:00',NULL,NULL),
	(849,7,'AZWAR ,SP','196403241988031005','IV.B','ESELON II','1964-03-24','1988-03-01',60,NULL,NULL,NULL,'admin','2022-12-12 19:00:00',NULL,NULL),
	(850,7,'SYAFRIZAL SIREGAR ,S.Pd, M.Si','196712281987121001','IV.B','ESELON III','1967-12-28','1987-12-01',58,NULL,NULL,NULL,'admin','2022-12-12 19:00:00',NULL,NULL),
	(851,7,'RINA SIRAIT ,SP,MP','196804171989032002','IV.B','ESELON III','1968-04-17','1989-03-01',58,NULL,NULL,NULL,'admin','2022-12-12 19:00:00',NULL,NULL),
	(852,7,'ROSTI SIGALINGGING','196609241986022002','IV.B',NULL,'1966-09-24','1986-02-01',58,NULL,NULL,NULL,'admin','2022-12-12 19:00:00',NULL,NULL),
	(853,7,'ELIZAR ,SH','196512141986102001','IV.B',NULL,'1965-12-14','1986-10-01',58,NULL,NULL,NULL,'admin','2022-12-12 19:00:00',NULL,NULL),
	(854,7,'ARMANSYAH SURYA BANGUN ,SKM','196705011989031005','IV.A',NULL,'1967-05-01','1989-03-01',58,NULL,NULL,NULL,'admin','2022-12-12 19:00:00',NULL,NULL),
	(855,7,'ULI.ARI HARAHAP ,S.Sos','198202032009032003','III.D','ESELON III','1982-02-03','2009-03-01',58,NULL,NULL,NULL,'admin','2022-12-12 19:00:00',NULL,NULL),
	(856,7,'YULI.A ULFA ,S.Sos','198505102009032008','III.D','ESELON IV','1985-05-10','2009-03-01',58,NULL,NULL,NULL,'admin','2022-12-12 19:00:00',NULL,NULL),
	(857,7,'ERWIN ,SH','197703252011011004','III.D',NULL,'1977-03-25','2011-01-01',58,NULL,NULL,NULL,'admin','2022-12-12 19:00:00',NULL,NULL),
	(858,7,'OCKY ANDRIE ,ST,M.Si','198206212009031009','III.D',NULL,'1982-06-21','2009-03-01',58,NULL,NULL,NULL,'admin','2022-12-12 19:00:00',NULL,NULL),
	(859,7,'HENY DAHLI.ANA ,ST','198602152011012025','III.D',NULL,'1986-02-15','2011-01-01',58,NULL,NULL,NULL,'admin','2022-12-12 19:00:00',NULL,NULL),
	(860,7,'NITA SELVI.ANA ,SE','198906182011012010','III.C',NULL,'1989-06-18','2011-01-01',58,NULL,NULL,NULL,'admin','2022-12-12 19:00:00',NULL,NULL),
	(861,7,'MUHAMMAD AMRI ,S.P','197905222010011015','III.C',NULL,'1979-05-22','2010-01-01',58,NULL,NULL,NULL,'admin','2022-12-12 19:00:00',NULL,NULL),
	(862,7,'SYUFRI ,S.Ag','197309052007011023','III.C',NULL,'1973-09-05','2007-01-01',58,NULL,NULL,NULL,'admin','2022-12-12 19:00:00',NULL,NULL),
	(863,7,'SULISTI ELVI.A ,A.Md','198601202010012037','III.A',NULL,'1986-01-20','2010-01-01',58,NULL,NULL,NULL,'admin','2022-12-12 19:00:00',NULL,NULL),
	(864,7,'JUMONO','198004022006041010','II.D',NULL,'1980-04-02','2006-04-01',58,NULL,NULL,NULL,'admin','2022-12-12 19:00:00',NULL,NULL),
	(865,7,'SARI FADILAH ,A.Md','199102022014032003','II.D',NULL,'1991-02-02','2014-03-01',58,NULL,NULL,NULL,'admin','2022-12-12 19:00:00',NULL,NULL),
	(866,43,'SUWANDY EKA SYAHPUTRA','197206162005021002','IV.B',NULL,'1972-06-16','2005-02-01',58,NULL,NULL,NULL,'admin','2022-12-12 19:00:00',NULL,NULL),
	(867,43,'dr., TRISNA CHAIRAWATY ,M.Ked, Sp.DV','197406262006042012','IV.B',NULL,'1974-06-26','2006-04-01',58,NULL,NULL,NULL,'admin','2022-12-12 19:00:00',NULL,NULL),
	(868,43,'Dr, MUHAMMAD TAUFIK ,Sp.THT.KL','197206212002121010','IV.B',NULL,'1972-06-21','2002-12-01',58,NULL,NULL,NULL,'admin','2022-12-12 19:00:00',NULL,NULL),
	(869,43,'Dr., ZULKARNAEN','197202242006041007','IV.B',NULL,'1972-02-24','2006-04-01',58,NULL,NULL,NULL,'admin','2022-12-12 19:00:00',NULL,NULL),
	(870,43,'dr., RODI.AH NAPSAH','197206272006042006','IV.B',NULL,'1972-06-27','2006-04-01',58,NULL,NULL,NULL,'admin','2022-12-12 19:00:00',NULL,NULL),
	(871,43,'drg., SRI RAMADHANI','198406122009032007','IV.A',NULL,'1984-06-12','2009-03-01',58,NULL,NULL,NULL,'admin','2022-12-12 19:00:00',NULL,NULL),
	(872,43,'RENSUS SITANGGANG ,S.Farm.Apt','198510272009031001','IV.A',NULL,'1985-10-27','2009-03-01',58,NULL,NULL,NULL,'admin','2022-12-12 19:00:00',NULL,NULL),
	(873,43,'dr., GURUH WAHYU NUGRAHA','198612052014121001','III.D','ESELON II','1986-12-05','2014-12-01',60,NULL,NULL,NULL,'admin','2022-12-12 19:00:00',NULL,NULL),
	(874,43,'ELVANDRI, ST','197809212009031004','III.D','ESELON IV','1978-09-21','2009-03-01',58,NULL,NULL,NULL,'admin','2022-12-12 19:00:00',NULL,NULL),
	(875,43,'AMAT SOGOL ,SKM','197404221996031003','III.D','ESELON III','1974-04-22','1996-03-01',58,NULL,NULL,NULL,'admin','2022-12-12 19:00:00',NULL,NULL),
	(876,43,'drg., DEWI PUSPASARI., Sp.PM','198601182011012019','III.D',NULL,'1986-01-18','2011-01-01',58,NULL,NULL,NULL,'admin','2022-12-12 19:00:00',NULL,NULL),
	(877,43,'Dr. SUMRAHADI MANURUNG, Sp. B','197803152010011017','III.D',NULL,'1978-03-15','2010-01-01',58,NULL,NULL,NULL,'admin','2022-12-12 19:00:00',NULL,NULL),
	(878,43,'dr.Muhammad Nizar,MKM','197112272005021001','III.D',NULL,'1971-12-27','2005-02-01',58,NULL,NULL,NULL,'admin','2022-12-12 19:00:00',NULL,NULL),
	(879,43,'drg., RINA ARYATI','198302282011012015','III.D',NULL,'1983-02-28','2011-01-01',58,NULL,NULL,NULL,'admin','2022-12-12 19:00:00',NULL,NULL),
	(880,43,'MISGI.ATI','197008071993032005','III.D',NULL,'1970-08-07','1993-03-01',58,NULL,NULL,NULL,'admin','2022-12-12 19:00:00',NULL,NULL),
	(881,43,'AIDA ZULFA','197010071991032006','III.D',NULL,'1970-10-07','1991-03-01',58,NULL,NULL,NULL,'admin','2022-12-12 19:00:00',NULL,NULL),
	(882,43,'FARIDA SIRAIT ,SKM','198107112008042003','III.D',NULL,'1981-07-11','2008-04-01',58,NULL,NULL,NULL,'admin','2022-12-12 19:00:00',NULL,NULL),
	(883,43,'MUHAMMAD RIZAL SANGADJI','198003052006041009','III.D',NULL,'1980-03-05','2006-04-01',58,NULL,NULL,NULL,'admin','2022-12-12 19:00:00',NULL,NULL),
	(884,43,'dr, YUFLY YANZA','198105022014121001','III.C','ESELON III','1981-05-02','2014-12-01',58,NULL,NULL,NULL,'admin','2022-12-12 19:00:00',NULL,NULL),
	(885,43,'NOVI EFRIDA, S.Kep.Ners','198201242010012008','III.C','ESELON IV','1982-01-24','2010-01-01',58,NULL,NULL,NULL,'admin','2022-12-12 19:00:00',NULL,NULL),
	(886,43,'RIDWAN ,AMK','198002112010011016','III.C','ESELON IV','1980-02-11','2010-01-01',58,NULL,NULL,NULL,'admin','2022-12-12 19:00:00',NULL,NULL),
	(887,43,'HADIYANI ,SST','198005052010012032','III.C','ESELON IV','1980-05-05','2010-01-01',58,NULL,NULL,NULL,'admin','2022-12-12 19:00:00',NULL,NULL),
	(888,43,'SAHRIL ,AMK','197803092010011016','III.C','ESELON IV','1978-03-09','2010-01-01',58,NULL,NULL,NULL,'admin','2022-12-12 19:00:00',NULL,NULL),
	(889,43,'A GUSTI ANUGRAH ,SH','198208252010011026','III.C','ESELON IV','1982-08-25','2010-01-01',58,NULL,NULL,NULL,'admin','2022-12-12 19:00:00',NULL,NULL),
	(890,43,'MILAWATI ,SKM','197711202010012013','III.C',NULL,'1977-11-20','2010-01-01',58,NULL,NULL,NULL,'admin','2022-12-12 19:00:00',NULL,NULL),
	(891,43,'dr., DEDE GUNAWAN','197703102007011004','III.C',NULL,'1977-03-10','2007-01-01',58,NULL,NULL,NULL,'admin','2022-12-12 19:00:00',NULL,NULL),
	(892,43,'dr., OMAR SAZALY ALDY ,Sp.A','197309172014121001','III.C',NULL,'1973-09-17','2014-12-01',58,NULL,NULL,NULL,'admin','2022-12-12 19:00:00',NULL,NULL),
	(893,43,'dr., NUR ZAHARA SIDDIK ,Sp.A','197208102014122001','III.C',NULL,'1972-08-10','2014-12-01',58,NULL,NULL,NULL,'admin','2022-12-12 19:00:00',NULL,NULL),
	(894,43,'dr., SERASI.AMY RITONGA ,Sp.A','197908132014032002','III.C',NULL,'1979-08-13','2014-03-01',58,NULL,NULL,NULL,'admin','2022-12-12 19:00:00',NULL,NULL),
	(895,43,'Dr., SILVI.A BUKIT','198301212010012023','III.C',NULL,'1983-01-21','2010-01-01',58,NULL,NULL,NULL,'admin','2022-12-12 19:00:00',NULL,NULL),
	(896,43,'dr., HENRY SIBARANI ,M.Kes','198108262008041001','III.C',NULL,'1981-08-26','2008-04-01',58,NULL,NULL,NULL,'admin','2022-12-12 19:00:00',NULL,NULL),
	(897,43,'dr, ARIEF KURNI.AWAN SIREGAR','198407252008041001','III.C',NULL,'1984-07-25','2008-04-01',58,NULL,NULL,NULL,'admin','2022-12-12 19:00:00',NULL,NULL),
	(898,43,'dr., IVAN ANSHARI LUBIS','198106092008041001','III.C',NULL,'1981-06-09','2008-04-01',58,NULL,NULL,NULL,'admin','2022-12-12 19:00:00',NULL,NULL),
	(899,43,'CITRA LISTI.A ,AMK','198212052009072001','III.C',NULL,'1982-12-05','2009-07-01',58,NULL,NULL,NULL,'admin','2022-12-12 19:00:00',NULL,NULL),
	(900,43,'WITA GUSTIYAN SARI.SST','198608022010032001','III.C',NULL,'1986-08-02','2010-03-01',58,NULL,NULL,NULL,'admin','2022-12-12 19:00:00',NULL,NULL),
	(901,43,'SYAHNIZAR','198311102009032008','III.C',NULL,'1983-11-10','2009-03-01',58,NULL,NULL,NULL,'admin','2022-12-12 19:00:00',NULL,NULL),
	(902,43,'ENITA SITIO Amkeb','198608112010012027','III.C',NULL,'1986-08-11','2010-01-01',58,NULL,NULL,NULL,'admin','2022-12-12 19:00:00',NULL,NULL),
	(903,43,'LIDI.A HUTAGAOL ,AM.Keb','198607062010012025','III.C',NULL,'1986-07-06','2010-01-01',58,NULL,NULL,NULL,'admin','2022-12-12 19:00:00',NULL,NULL),
	(904,43,'dr., HENDRI SIMANJUNTAK ,SpOG','197507142014031001','III.C',NULL,'1975-07-14','2014-03-01',58,NULL,NULL,NULL,'admin','2022-12-12 19:00:00',NULL,NULL),
	(905,43,'SUKESI ,S.Ft','198005042010012014','III.C',NULL,'1980-05-04','2010-01-01',58,NULL,NULL,NULL,'admin','2022-12-12 19:00:00',NULL,NULL),
	(906,43,'RABI.ATUN NASUTION ,S.Ft','198301122010012023','III.C',NULL,'1983-01-12','2010-01-01',58,NULL,NULL,NULL,'admin','2022-12-12 19:00:00',NULL,NULL),
	(907,43,'HERI.ANI SUSITA','198001062005022003','III.B','ESELON IV','1980-01-06','2005-02-01',58,NULL,NULL,NULL,'admin','2022-12-12 19:00:00',NULL,NULL),
	(908,43,'IRA NOVI.ANA','198211302010012021','III.B',NULL,'1982-11-30','2010-01-01',58,NULL,NULL,NULL,'admin','2022-12-12 19:00:00',NULL,NULL),
	(909,43,'dr., RAFIKA DEWA','198907052019032017','III.B',NULL,'1989-07-05','2019-03-01',58,NULL,NULL,NULL,'admin','2022-12-12 19:00:00',NULL,NULL),
	(910,43,'MAHLIZA ,A.Md.FAR','198804052010012020','III.B',NULL,'1988-04-05','2010-01-01',58,NULL,NULL,NULL,'admin','2022-12-12 19:00:00',NULL,NULL),
	(911,43,'SUKMA DEWI ,AMG','198212292010012029','III.B',NULL,'1982-12-29','2010-01-01',58,NULL,NULL,NULL,'admin','2022-12-12 19:00:00',NULL,NULL),
	(912,43,'ERWANSYAH P.SEMBIRING','197607042010011014','III.B',NULL,'1976-07-04','2010-01-01',58,NULL,NULL,NULL,'admin','2022-12-12 19:00:00',NULL,NULL),
	(913,43,'RUSLINDA PANJAITAN','197904012010012012','III.B',NULL,'1979-04-01','2010-01-01',58,NULL,NULL,NULL,'admin','2022-12-12 19:00:00',NULL,NULL),
	(914,43,'SAPAR RITONGA','197810122010011012','III.B',NULL,'1978-10-12','2010-01-01',58,NULL,NULL,NULL,'admin','2022-12-12 19:00:00',NULL,NULL),
	(915,43,'NURAYILA ,AMK','198805162010012011','III.B',NULL,'1988-05-16','2010-01-01',58,NULL,NULL,NULL,'admin','2022-12-12 19:00:00',NULL,NULL),
	(916,43,'ERCHA YUNANDRA','198812252010011002','III.B',NULL,'1988-12-25','2010-01-01',58,NULL,NULL,NULL,'admin','2022-12-12 19:00:00',NULL,NULL),
	(917,43,'HERMANTO SAHPUTRA ,AMK','198409242010011015','III.B',NULL,'1984-09-24','2010-01-01',58,NULL,NULL,NULL,'admin','2022-12-12 19:00:00',NULL,NULL),
	(918,43,'RAHMA S. PURBA','197912102010012024','III.B',NULL,'1979-12-10','2010-01-01',58,NULL,NULL,NULL,'admin','2022-12-12 19:00:00',NULL,NULL),
	(919,43,'ELIDA AFNI','198210242010012019','III.B',NULL,'1982-10-24','2010-01-01',58,NULL,NULL,NULL,'admin','2022-12-12 19:00:00',NULL,NULL),
	(920,43,'SRI NURHAYATI ,AMK','198101122011012013','III.B',NULL,'1981-01-12','2011-01-01',58,NULL,NULL,NULL,'admin','2022-12-12 19:00:00',NULL,NULL),
	(921,43,'IRMA DEBORA ARITONANG ,AMG','197609032010012011','III.B',NULL,'1976-09-03','2010-01-01',58,NULL,NULL,NULL,'admin','2022-12-12 19:00:00',NULL,NULL),
	(922,43,'SISWIRDAYANI S ,AMKG','198412012010012028','III.B',NULL,'1984-12-01','2010-01-01',58,NULL,NULL,NULL,'admin','2022-12-12 19:00:00',NULL,NULL),
	(923,43,'UMMAIROH ULFA ,AMKG','198712072010012025','III.B',NULL,'1987-12-07','2010-01-01',58,NULL,NULL,NULL,'admin','2022-12-12 19:00:00',NULL,NULL),
	(924,43,'SYAMSUL, S.Kep','198101182011011006','III.B',NULL,'1981-01-18','2011-01-01',58,NULL,NULL,NULL,'admin','2022-12-12 19:00:00',NULL,NULL),
	(925,43,'DAVID FIRMAN MANURUNG ,S.Farm.Apt','199404102019031002','III.B',NULL,'1994-04-10','2019-03-01',58,NULL,NULL,NULL,'admin','2022-12-12 19:00:00',NULL,NULL),
	(926,43,'SAGITO PAHALA SIMORANGKIR ,SKM','197812132011011006','III.B',NULL,'1978-12-13','2011-01-01',58,NULL,NULL,NULL,'admin','2022-12-12 19:00:00',NULL,NULL),
	(927,43,'EMI FADILLAH ,AM.Keb','198804112010012014','III.B',NULL,'1988-04-11','2010-01-01',58,NULL,NULL,NULL,'admin','2022-12-12 19:00:00',NULL,NULL),
	(928,43,'SIMON SIHOMBING ,S.Farm, Apt','199410192020121008','III.B',NULL,'1994-10-19','2020-12-01',58,NULL,NULL,NULL,'admin','2022-12-12 19:00:00',NULL,NULL),
	(929,43,'IRWAN ZAIN LUBIS ,AMK','198310052010011030','III.B',NULL,'1983-10-05','2010-01-01',58,NULL,NULL,NULL,'admin','2022-12-12 19:00:00',NULL,NULL),
	(930,43,'MUFLIKH IRKHAM, AMK','198509192010011018','III.B',NULL,'1985-09-19','2010-01-01',58,NULL,NULL,NULL,'admin','2022-12-12 19:00:00',NULL,NULL),
	(931,43,'SRI HANDAYANI','198512042010012031','III.B',NULL,'1985-12-04','2010-01-01',58,NULL,NULL,NULL,'admin','2022-12-12 19:00:00',NULL,NULL),
	(932,43,'HUSNAH ZEN ,AM.Keb','198903062011012008','III.A',NULL,'1989-03-06','2011-01-01',58,NULL,NULL,NULL,'admin','2022-12-12 19:00:00',NULL,NULL),
	(933,43,'IRMA WINDA, Amd.Keb','198706202010012010','III.A',NULL,'1987-06-20','2010-01-01',58,NULL,NULL,NULL,'admin','2022-12-12 19:00:00',NULL,NULL),
	(934,43,'IRMAWATI MANURUNG ,AM.Keb','198907032011012013','III.A',NULL,'1989-07-03','2011-01-01',58,NULL,NULL,NULL,'admin','2022-12-12 19:00:00',NULL,NULL),
	(935,43,'ROHANA ,AMG','198106062010012046','III.A',NULL,'1981-06-06','2010-01-01',58,NULL,NULL,NULL,'admin','2022-12-12 19:00:00',NULL,NULL),
	(936,43,'MANGADAR PANDI.ANGAN ,AM.k','198111172011011007','III.A',NULL,'1981-11-17','2011-01-01',58,NULL,NULL,NULL,'admin','2022-12-12 19:00:00',NULL,NULL),
	(937,43,'I.Dham Syah AMK','198111132010011018','III.A',NULL,'1981-11-13','2010-01-01',58,NULL,NULL,NULL,'admin','2022-12-12 19:00:00',NULL,NULL),
	(938,43,'HAFIZAH NADRAH ,S.Kep.Ners','199101082019032001','III.A',NULL,'1991-01-08','2019-03-01',58,NULL,NULL,NULL,'admin','2022-12-12 19:00:00',NULL,NULL),
	(939,43,'Choiril Abni','198706152019032003','III.A',NULL,'1987-06-15','2019-03-01',58,NULL,NULL,NULL,'admin','2022-12-12 19:00:00',NULL,NULL),
	(940,43,'ALAM SYARIF SUHANDOYO ,S.Kep.Ners','199208122019031002','III.A',NULL,'1992-08-12','2019-03-01',58,NULL,NULL,NULL,'admin','2022-12-12 19:00:00',NULL,NULL),
	(941,43,'YUNITA HAFNI MATONDANG ,S.Kep.Ners','199103092019032005','III.A',NULL,'1991-03-09','2019-03-01',58,NULL,NULL,NULL,'admin','2022-12-12 19:00:00',NULL,NULL),
	(942,43,'RINA SALSALINA BR.PURBA ,S.Si','198501032010012030','III.A',NULL,'1985-01-03','2010-01-01',58,NULL,NULL,NULL,'admin','2022-12-12 19:00:00',NULL,NULL),
	(943,43,'SAPTI.ANI HARI.ANI SI.ANTURI, AMAK','199209042014032002','II.D',NULL,'1992-09-04','2014-03-01',58,NULL,NULL,NULL,'admin','2022-12-12 19:00:00',NULL,NULL),
	(944,43,'SAFITRI HARYATI ,AMAK','198707162014032005','II.D',NULL,'1987-07-16','2014-03-01',58,NULL,NULL,NULL,'admin','2022-12-12 19:00:00',NULL,NULL),
	(945,43,'PAUL TARIGAN TAMBUN ,A.Md','198801142014031001','II.D',NULL,'1988-01-14','2014-03-01',58,NULL,NULL,NULL,'admin','2022-12-12 19:00:00',NULL,NULL),
	(946,43,'NIDI.A KIRSTIE SHARON SAGALA','199008212014032003','II.D',NULL,'1990-08-21','2014-03-01',58,NULL,NULL,NULL,'admin','2022-12-12 19:00:00',NULL,NULL),
	(947,43,'ASRUL AMIN ,AMK','198601182011011012','II.D',NULL,'1986-01-18','2011-01-01',58,NULL,NULL,NULL,'admin','2022-12-12 19:00:00',NULL,NULL),
	(948,43,'CHYNTI.A LAURENT NABABAN ,A.Md','199207012014032002','II.D',NULL,'1992-07-01','2014-03-01',58,NULL,NULL,NULL,'admin','2022-12-12 19:00:00',NULL,NULL),
	(949,43,'DIDING SURYAMAN BATU BARA','197907142014031001','II.C',NULL,'1979-07-14','2014-03-01',58,NULL,NULL,NULL,'admin','2022-12-12 19:00:00',NULL,NULL),
	(950,43,'EDI KURNI.AWAN','197201182007011021','II.C',NULL,'1972-01-18','2007-01-01',58,NULL,NULL,NULL,'admin','2022-12-12 19:00:00',NULL,NULL),
	(951,43,'REZA RAJABUN SYAHRULLAH','198911092011011002','II.C',NULL,'1989-11-09','2011-01-01',58,NULL,NULL,NULL,'admin','2022-12-12 19:00:00',NULL,NULL),
	(952,43,'AGNES YENNI SITUMORANG','199608092020122007','II.C',NULL,'1996-08-09','2020-12-01',58,NULL,NULL,NULL,'admin','2022-12-12 19:00:00',NULL,NULL),
	(953,43,'TRISANTI SIHOL M. HUTAGALUNG, A.Md.Ftr','199610172020122006','II.C',NULL,'1996-10-17','2020-12-01',58,NULL,NULL,NULL,'admin','2022-12-12 19:00:00',NULL,NULL),
	(954,43,'RIZKI TAUFIK ,AMF','199210132020121003','II.C',NULL,'1992-10-13','2020-12-01',58,NULL,NULL,NULL,'admin','2022-12-12 19:00:00',NULL,NULL),
	(955,43,'LUKAS IMANUEL OKTARIO ,A.Md.AK','199610262020121003','II.C',NULL,'1996-10-26','2020-12-01',58,NULL,NULL,NULL,'admin','2022-12-12 19:00:00',NULL,NULL),
	(956,43,'IN GOKLY SIHOTANG ,A.Md, Ft','198806292020122004','II.C',NULL,'1988-06-29','2020-12-01',58,NULL,NULL,NULL,'admin','2022-12-12 19:00:00',NULL,NULL),
	(957,43,'LIDI.A KAROLINA BR SINULINGGA ,A.MKL','199106122020122004','II.C',NULL,'1991-06-12','2020-12-01',58,NULL,NULL,NULL,'admin','2022-12-12 19:00:00',NULL,NULL),
	(958,43,'SUHERMAN','197710182009061002','I.B',NULL,'1977-10-18','2009-06-01',58,NULL,NULL,NULL,'admin','2022-12-12 19:00:00',NULL,NULL),
	(959,32,'EFENDI, ST','198104222009031001','IV.A',NULL,'1981-04-22','2009-03-01',58,NULL,NULL,NULL,'admin','2022-12-12 19:00:00',NULL,NULL),
	(960,32,'ILYAS ,S.Pd','196906251997021002','IV.A',NULL,'1969-06-25','1997-02-01',58,NULL,NULL,NULL,'admin','2022-12-12 19:00:00',NULL,NULL),
	(961,32,'NASRUL ASHWIN ,SH','197304121993031003','III.D',NULL,'1973-04-12','1993-03-01',58,NULL,NULL,NULL,'admin','2022-12-12 19:00:00',NULL,NULL),
	(962,32,'ACHMAD FAHRY SIREGAR ,SH','198505252010011021','III.D',NULL,'1985-05-25','2010-01-01',58,NULL,NULL,NULL,'admin','2022-12-12 19:00:00',NULL,NULL),
	(963,32,'FATMAYANI,SE.MM','197108231993032005','III.D',NULL,'1971-08-23','1993-03-01',58,NULL,NULL,NULL,'admin','2022-12-12 19:00:00',NULL,NULL),
	(964,32,'SUPI.AH ,SH','197307021994022002','III.D',NULL,'1973-07-02','1994-02-01',58,NULL,NULL,NULL,'admin','2022-12-12 19:00:00',NULL,NULL),
	(965,32,'MUSA','196509251986021003','III.C',NULL,'1965-09-25','1986-02-01',58,NULL,NULL,NULL,'admin','2022-12-12 19:00:00',NULL,NULL),
	(966,32,'ZAINAL ABIDIN ,S.Pd','198312122010011027','III.C',NULL,'1983-12-12','2010-01-01',58,NULL,NULL,NULL,'admin','2022-12-12 19:00:00',NULL,NULL),
	(967,32,'RAHMAD,SH','196907152007011051','III.C',NULL,'1969-07-15','2007-01-01',58,NULL,NULL,NULL,'admin','2022-12-12 19:00:00',NULL,NULL),
	(968,32,'DESI SUSILAWATI','197612052006042012','III.C',NULL,'1976-12-05','2006-04-01',58,NULL,NULL,NULL,'admin','2022-12-12 19:00:00',NULL,NULL),
	(969,32,'SORI.ANI TAMBUNAN','197306151996022001','III.C',NULL,'1973-06-15','1996-02-01',58,NULL,NULL,NULL,'admin','2022-12-12 19:00:00',NULL,NULL),
	(970,32,'INDRA FAUZI ,SE','198309292010011021','III.C',NULL,'1983-09-29','2010-01-01',58,NULL,NULL,NULL,'admin','2022-12-12 19:00:00',NULL,NULL),
	(971,32,'MASNUN ,SH','197405152010012004','III.B',NULL,'1974-05-15','2010-01-01',58,NULL,NULL,NULL,'admin','2022-12-12 19:00:00',NULL,NULL),
	(972,32,'HARSUL YAHYA','196511271987031003','III.B',NULL,'1965-11-27','1987-03-01',58,NULL,NULL,NULL,'admin','2022-12-12 19:00:00',NULL,NULL),
	(973,32,'ANWAR SIPAYUNG ,A.Md','198504292010011016','III.A',NULL,'1985-04-29','2010-01-01',58,NULL,NULL,NULL,'admin','2022-12-12 19:00:00',NULL,NULL),
	(974,32,'RUMONDANG NOVITA SINAMBELA ,A.Md','198511272010012026','III.A',NULL,'1985-11-27','2010-01-01',58,NULL,NULL,NULL,'admin','2022-12-12 19:00:00',NULL,NULL),
	(975,32,'MILI.ANNA SI.AGI.AN','196709272007012027','II.D',NULL,'1967-09-27','2007-01-01',58,NULL,NULL,NULL,'admin','2022-12-12 19:00:00',NULL,NULL),
	(976,32,'SAPARI','197506272010011008','II.C',NULL,'1975-06-27','2010-01-01',58,NULL,NULL,NULL,'admin','2022-12-12 19:00:00',NULL,NULL),
	(977,32,'INTAN LUTHFILLAH','199008212011012001','II.C',NULL,'1990-08-21','2011-01-01',58,NULL,NULL,NULL,'admin','2022-12-12 19:00:00',NULL,NULL),
	(978,32,'ASMAWATI','196405181986032002','II.C',NULL,'1964-05-18','1986-03-01',58,NULL,NULL,NULL,'admin','2022-12-12 19:00:00',NULL,NULL),
	(979,32,'PUTRI WULANDARI','198909142011012003','II.B',NULL,'1989-09-14','2011-01-01',58,NULL,NULL,NULL,'admin','2022-12-12 19:00:00',NULL,NULL),
	(980,32,'RISKI ANANDA','198902242011011006','II.B',NULL,'1989-02-24','2011-01-01',58,NULL,NULL,NULL,'admin','2022-12-12 19:00:00',NULL,NULL),
	(981,32,'SERI ASNI.ARTI','198304152014062003','II.B',NULL,'1983-04-15','2014-06-01',58,NULL,NULL,NULL,'admin','2022-12-12 19:00:00',NULL,NULL),
	(982,41,'MAHMUDDIN ,S.Pd','196512311987021031','IV.B',NULL,'1965-12-31','1987-02-01',58,NULL,NULL,NULL,'admin','2022-12-12 19:00:00',NULL,NULL),
	(983,41,'SUKANDAR ,S.Sos','196806041993031006','IV.A',NULL,'1968-06-04','1993-03-01',58,NULL,NULL,NULL,'admin','2022-12-12 19:00:00',NULL,NULL),
	(984,41,'PANGERAN RI.ADI GUNAWAN SI.AGI.AN ,SP,M.Si','197001071998031006','IV.A',NULL,'1970-01-07','1998-03-01',58,NULL,NULL,NULL,'admin','2022-12-12 19:00:00',NULL,NULL),
	(985,41,'DAHRI.AL BR ,SE','196802211992032001','III.D',NULL,'1968-02-21','1992-03-01',58,NULL,NULL,NULL,'admin','2022-12-12 19:00:00',NULL,NULL),
	(986,41,'MELUR','197109261992032002','III.D',NULL,'1971-09-26','1992-03-01',58,NULL,NULL,NULL,'admin','2022-12-12 19:00:00',NULL,NULL),
	(987,41,'SYARIFAH AINA ,S.Ag','197706202010012021','III.D',NULL,'1977-06-20','2010-01-01',58,NULL,NULL,NULL,'admin','2022-12-12 19:00:00',NULL,NULL),
	(988,41,'SARI BANUN ,SH','196403101986022001','III.D',NULL,'1964-03-10','1986-02-01',58,NULL,NULL,NULL,'admin','2022-12-12 19:00:00',NULL,NULL),
	(989,41,'YATMINI,A.Md.Keb','197801221998032001','III.D',NULL,'1978-01-22','1998-03-01',58,NULL,NULL,NULL,'admin','2022-12-12 19:00:00',NULL,NULL),
	(990,41,'SAINI','196409121986021003','III.D',NULL,'1964-09-12','1986-02-01',58,NULL,NULL,NULL,'admin','2022-12-12 19:00:00',NULL,NULL),
	(991,41,'SAHRUL ,SH','196603142007011039','III.C',NULL,'1966-03-14','2007-01-01',58,NULL,NULL,NULL,'admin','2022-12-12 19:00:00',NULL,NULL),
	(992,41,'FAUZI.AH, SH','197907212010012018','III.B',NULL,'1979-07-21','2010-01-01',58,NULL,NULL,NULL,'admin','2022-12-12 19:00:00',NULL,NULL),
	(993,41,'ERWANDI,SST','199011272010011001','III.B',NULL,'1990-11-27','2010-01-01',58,NULL,NULL,NULL,'admin','2022-12-12 19:00:00',NULL,NULL),
	(994,41,'HELDA','197603132008012003','III.A',NULL,'1976-03-13','2008-01-01',58,NULL,NULL,NULL,'admin','2022-12-12 19:00:00',NULL,NULL),
	(995,41,'JULI.AN HANAFI MARPAUNG,SST','199107152010011001','III.A',NULL,'1991-07-15','2010-01-01',58,NULL,NULL,NULL,'admin','2022-12-12 19:00:00',NULL,NULL),
	(996,41,'ERNITA','196911192010012001','II.C',NULL,'1969-11-19','2010-01-01',58,NULL,NULL,NULL,'admin','2022-12-12 19:00:00',NULL,NULL),
	(997,41,'BATI.AH NURMAINI','198908092010012001','II.C',NULL,'1989-08-09','2010-01-01',58,NULL,NULL,NULL,'admin','2022-12-12 19:00:00',NULL,NULL),
	(998,36,'YANDI SISWANDI, S.Pd. M.Si','197110281998011001','IV.B',NULL,'1971-10-28','1998-01-01',58,NULL,NULL,NULL,'admin','2022-12-12 19:00:00',NULL,NULL),
	(999,36,'SYAHRIZAL ,SH','196810281989031005','IV.A',NULL,'1968-10-28','1989-03-01',58,NULL,NULL,NULL,'admin','2022-12-12 19:00:00',NULL,NULL),
	(1000,36,'MUHAMMAD YUNUS, ST','197307011993031006','IV.A',NULL,'1973-07-01','1993-03-01',58,NULL,NULL,NULL,'admin','2022-12-12 19:00:00',NULL,NULL),
	(1001,36,'CHANDI CHAIRUN NUR SAMOSIR ,SE','197702262003121001','IV.A',NULL,'1977-02-26','2003-12-01',58,NULL,NULL,NULL,'admin','2022-12-12 19:00:00',NULL,NULL),
	(1002,36,'MUHAMMAD SANI, S.Pd','196703012001031001','III.D',NULL,'1967-03-01','2001-03-01',58,NULL,NULL,NULL,'admin','2022-12-12 19:00:00',NULL,NULL),
	(1003,36,'UPIK','196504171986022003','III.D',NULL,'1965-04-17','1986-02-01',58,NULL,NULL,NULL,'admin','2022-12-12 19:00:00',NULL,NULL),
	(1004,36,'EFRIDA DAME SARAGIH','196805231990072001','III.D',NULL,'1968-05-23','1990-07-01',58,NULL,NULL,NULL,'admin','2022-12-12 19:00:00',NULL,NULL),
	(1005,36,'JONRY ANTONIUS SAGALA ,S.T','197906172010011011','III.D',NULL,'1979-06-17','2010-01-01',58,NULL,NULL,NULL,'admin','2022-12-12 19:00:00',NULL,NULL),
	(1006,36,'SONDANG SITUMORANG','196405311988032001','III.D',NULL,'1964-05-31','1988-03-01',58,NULL,NULL,NULL,'admin','2022-12-12 19:00:00',NULL,NULL),
	(1007,36,'RIZAL,SE','197002121999031005','III.C',NULL,'1970-02-12','1999-03-01',58,NULL,NULL,NULL,'admin','2022-12-12 19:00:00',NULL,NULL),
	(1008,36,'BUDIMANSYAH, SE','198312152010011019','III.C',NULL,'1983-12-15','2010-01-01',58,NULL,NULL,NULL,'admin','2022-12-12 19:00:00',NULL,NULL),
	(1009,36,'SINNA SIHOMBING, SH','198610132010012025','III.A',NULL,'1986-10-13','2010-01-01',58,NULL,NULL,NULL,'admin','2022-12-12 19:00:00',NULL,NULL),
	(1010,36,'ESTER SIPAYUNG, SE','199003232010012001','III.A',NULL,'1990-03-23','2010-01-01',58,NULL,NULL,NULL,'admin','2022-12-12 19:00:00',NULL,NULL),
	(1011,36,'OK. MHD.KURNI.A ARYETTA','198612302011011012','III.A',NULL,'1986-12-30','2011-01-01',58,NULL,NULL,NULL,'admin','2022-12-12 19:00:00',NULL,NULL),
	(1012,36,'ABGAN HASUDUNGAN TAMPUBOLON, SE','197507212005021003','III.A',NULL,'1975-07-21','2005-02-01',58,NULL,NULL,NULL,'admin','2022-12-12 19:00:00',NULL,NULL),
	(1013,36,'DESI SUNDARI','197012282010012004','II.C',NULL,'1970-12-28','2010-01-01',58,NULL,NULL,NULL,'admin','2022-12-12 19:00:00',NULL,NULL),
	(1014,36,'ANGGA FIRNANDA','199005312010011002','II.C',NULL,'1990-05-31','2010-01-01',58,NULL,NULL,NULL,'admin','2022-12-12 19:00:00',NULL,NULL),
	(1015,36,'RUSLAN HARAHAP','196710162009061001','II.B',NULL,'1967-10-16','2009-06-01',58,NULL,NULL,NULL,'admin','2022-12-12 19:00:00',NULL,NULL),
	(1016,31,'ADRI AULI.A HARAHAP, S.STP','198208272002121001','IV.A',NULL,'1982-08-27','2002-12-01',58,NULL,NULL,NULL,'admin','2022-12-12 19:00:00',NULL,NULL),
	(1017,31,'Drs. MOHAMMAD MASROB, M. Pd','196605111995121001','IV.A',NULL,'1966-05-11','1995-12-01',58,NULL,NULL,NULL,'admin','2022-12-12 19:00:00',NULL,NULL),
	(1018,31,'AMRAN ,SH','196508161989031007','IV.A',NULL,'1965-08-16','1989-03-01',58,NULL,NULL,NULL,'admin','2022-12-12 19:00:00',NULL,NULL),
	(1019,31,'ROSMAIDAH ,SE','196510191986022002','III.D',NULL,'1965-10-19','1986-02-01',58,NULL,NULL,NULL,'admin','2022-12-12 19:00:00',NULL,NULL),
	(1020,31,'VANI.A MAHARANI WILMA KRISNA ,SE','198611252010012026','III.D',NULL,'1986-11-25','2010-01-01',58,NULL,NULL,NULL,'admin','2022-12-12 19:00:00',NULL,NULL),
	(1021,31,'KHAIRIL ANWAR RAMBE SH','197310141995031001','III.D',NULL,'1973-10-14','1995-03-01',58,NULL,NULL,NULL,'admin','2022-12-12 19:00:00',NULL,NULL),
	(1022,31,'ERWIN HUTAGALUNG ,S.T','197310242010011002','III.D',NULL,'1973-10-24','2010-01-01',58,NULL,NULL,NULL,'admin','2022-12-12 19:00:00',NULL,NULL),
	(1023,31,'YUSNI.AR PURBA ,SE, MM','198507292010012030','III.C',NULL,'1985-07-29','2010-01-01',58,NULL,NULL,NULL,'admin','2022-12-12 19:00:00',NULL,NULL),
	(1024,31,'FAHRUL ROZI ,SE.SH','198511132011011009','III.C',NULL,'1985-11-13','2011-01-01',58,NULL,NULL,NULL,'admin','2022-12-12 19:00:00',NULL,NULL),
	(1025,31,'INDRA GUNAWAN ,S.Pd','198106192010011021','III.B',NULL,'1981-06-19','2010-01-01',58,NULL,NULL,NULL,'admin','2022-12-12 19:00:00',NULL,NULL),
	(1026,31,'INDRIYA BUDI SARI LUBIS','197801262010012008','III.B',NULL,'1978-01-26','2010-01-01',58,NULL,NULL,NULL,'admin','2022-12-12 19:00:00',NULL,NULL),
	(1027,31,'NOVRIDA BR. PURBA','196511071986032004','III.B',NULL,'1965-11-07','1986-03-01',58,NULL,NULL,NULL,'admin','2022-12-12 19:00:00',NULL,NULL),
	(1028,31,'EKO SUPI.ANDRI, SE','198005242010011012','III.A',NULL,'1980-05-24','2010-01-01',58,NULL,NULL,NULL,'admin','2022-12-12 19:00:00',NULL,NULL),
	(1029,31,'DI.AN HARI.ANSYAH ,SH','197908172010011029','III.A',NULL,'1979-08-17','2010-01-01',58,NULL,NULL,NULL,'admin','2022-12-12 19:00:00',NULL,NULL),
	(1030,31,'AHMAD FAHMI','197810252009031003','III.A',NULL,'1978-10-25','2009-03-01',58,NULL,NULL,NULL,'admin','2022-12-12 19:00:00',NULL,NULL),
	(1031,31,'MISMAWATY','197405122009062001','III.A',NULL,'1974-05-12','2009-06-01',58,NULL,NULL,NULL,'admin','2022-12-12 19:00:00',NULL,NULL),
	(1032,31,'RIO HAFIZA ,S.STP','199301182014061001','III.A',NULL,'1993-01-18','2014-06-01',58,NULL,NULL,NULL,'admin','2022-12-12 19:00:00',NULL,NULL),
	(1033,31,'SITI MARYAM','196812312009062007','II.D',NULL,'1968-12-31','2009-06-01',58,NULL,NULL,NULL,'admin','2022-12-12 19:00:00',NULL,NULL),
	(1034,31,'YUSWARDI','197404162009061001','II.D',NULL,'1974-04-16','2009-06-01',58,NULL,NULL,NULL,'admin','2022-12-12 19:00:00',NULL,NULL),
	(1035,31,'IRWANTO','197606262010011005','II.C',NULL,'1976-06-26','2010-01-01',58,NULL,NULL,NULL,'admin','2022-12-12 19:00:00',NULL,NULL),
	(1036,31,'FAUZI.AH NUR','198308142010012031','II.C',NULL,'1983-08-14','2010-01-01',58,NULL,NULL,NULL,'admin','2022-12-12 19:00:00',NULL,NULL),
	(1037,40,'MULI.ADI ,SE','197508152010011018','IV.A',NULL,'1975-08-15','2010-01-01',58,NULL,NULL,NULL,'admin','2022-12-12 19:00:00',NULL,NULL),
	(1038,40,'SUYANTO ,SPd','196605011990031004','IV.A',NULL,'1966-05-01','1990-03-01',58,NULL,NULL,NULL,'admin','2022-12-12 19:00:00',NULL,NULL),
	(1039,40,'NURHADIYANTI ,SE, MM','198505112010012027','III.D',NULL,'1985-05-11','2010-01-01',58,NULL,NULL,NULL,'admin','2022-12-12 19:00:00',NULL,NULL),
	(1040,40,'SANI.AH','196512311986022015','III.C',NULL,'1965-12-31','1986-02-01',58,NULL,NULL,NULL,'admin','2022-12-12 19:00:00',NULL,NULL),
	(1041,40,'KHAIRINA DEWI ,S.Pd.M.Hum','198503312010012027','III.C',NULL,'1985-03-31','2010-01-01',58,NULL,NULL,NULL,'admin','2022-12-12 19:00:00',NULL,NULL),
	(1042,40,'SUTRISNO,SP','197703292010011010','III.B',NULL,'1977-03-29','2010-01-01',58,NULL,NULL,NULL,'admin','2022-12-12 19:00:00',NULL,NULL),
	(1043,40,'SAFRIDA CHAIRANI,S.Kom','198509052014062001','III.B',NULL,'1985-09-05','2014-06-01',58,NULL,NULL,NULL,'admin','2022-12-12 19:00:00',NULL,NULL),
	(1044,40,'ARIF SENJAYA, SE','199002102010011001','III.A',NULL,'1990-02-10','2010-01-01',58,NULL,NULL,NULL,'admin','2022-12-12 19:00:00',NULL,NULL),
	(1045,40,'KAMALIYAH LUBIS, SH','198004082010012021','III.A',NULL,'1980-04-08','2010-01-01',58,NULL,NULL,NULL,'admin','2022-12-12 19:00:00',NULL,NULL),
	(1046,40,'SUPRI.ADI, SH','198909262010011003','III.A',NULL,'1989-09-26','2010-01-01',58,NULL,NULL,NULL,'admin','2022-12-12 19:00:00',NULL,NULL),
	(1047,40,'PUTRI WULANDARI','199101302010012002','II.C',NULL,'1991-01-30','2010-01-01',58,NULL,NULL,NULL,'admin','2022-12-12 19:00:00',NULL,NULL),
	(1048,40,'GUNTUR','198807212010011006','II.C',NULL,'1988-07-21','2010-01-01',58,NULL,NULL,NULL,'admin','2022-12-12 19:00:00',NULL,NULL),
	(1049,40,'SUKIDI','197705082010011013','II.B',NULL,'1977-05-08','2010-01-01',58,NULL,NULL,NULL,'admin','2022-12-12 19:00:00',NULL,NULL),
	(1050,38,'ABDULLAH ,S.Pd','196507271987021001','IV.B',NULL,'1965-07-27','1987-02-01',58,NULL,NULL,NULL,'admin','2022-12-12 19:00:00',NULL,NULL),
	(1051,38,'ROZALI ,S.Pd, M.Pd','196512241994011001','IV.A',NULL,'1965-12-24','1994-01-01',58,NULL,NULL,NULL,'admin','2022-12-12 19:00:00',NULL,NULL),
	(1052,38,'SABRI ,S.HI.M.H','197806072010011013','III.D',NULL,'1978-06-07','2010-01-01',58,NULL,NULL,NULL,'admin','2022-12-12 19:00:00',NULL,NULL),
	(1053,38,'MEILINA SIHOMBING','197305201992032002','III.D',NULL,'1973-05-20','1992-03-01',58,NULL,NULL,NULL,'admin','2022-12-12 19:00:00',NULL,NULL),
	(1054,38,'LELYWATI PANJAITAN','196606261989032005','III.C',NULL,'1966-06-26','1989-03-01',58,NULL,NULL,NULL,'admin','2022-12-12 19:00:00',NULL,NULL),
	(1055,38,'BAHTI.AR SINAGA','197703042009031002','III.C',NULL,'1977-03-04','2009-03-01',58,NULL,NULL,NULL,'admin','2022-12-12 19:00:00',NULL,NULL),
	(1056,38,'HELMAWATI ,SE','198301222011012008','III.C',NULL,'1983-01-22','2011-01-01',58,NULL,NULL,NULL,'admin','2022-12-12 19:00:00',NULL,NULL),
	(1057,38,'AZIZA ,SE','197308012014062001','III.B',NULL,'1973-08-01','2014-06-01',58,NULL,NULL,NULL,'admin','2022-12-12 19:00:00',NULL,NULL),
	(1058,37,'RIDUAN OBERLIN BUTAR BUTAR, SS, MM','197206142008011001','IV.A',NULL,'1972-06-14','2008-01-01',58,NULL,NULL,NULL,'admin','2022-12-12 19:00:00',NULL,NULL),
	(1059,37,'SUBUHARI HASIBUAN, SE','196605011988031003','IV.A',NULL,'1966-05-01','1988-03-01',58,NULL,NULL,NULL,'admin','2022-12-12 19:00:00',NULL,NULL),
	(1060,37,'NGATIMAN ,SH','196805081989031003','IV.A',NULL,'1968-05-08','1989-03-01',58,NULL,NULL,NULL,'admin','2022-12-12 19:00:00',NULL,NULL),
	(1061,37,'WALI WALA AZAHARI SAGALA ,S.Pd','197705152010011013','III.D',NULL,'1977-05-15','2010-01-01',58,NULL,NULL,NULL,'admin','2022-12-12 19:00:00',NULL,NULL),
	(1062,37,'RAHMADANI.AH, SE','197211222011012002','III.D',NULL,'1972-11-22','2011-01-01',58,NULL,NULL,NULL,'admin','2022-12-12 19:00:00',NULL,NULL),
	(1063,37,'SURUNG BINTARA PUTRA SITUMORANG, ST','198309072009031002','III.D',NULL,'1983-09-07','2009-03-01',58,NULL,NULL,NULL,'admin','2022-12-12 19:00:00',NULL,NULL),
	(1064,37,'SUKAMSI','196507271992031004','III.D',NULL,'1965-07-27','1992-03-01',58,NULL,NULL,NULL,'admin','2022-12-12 19:00:00',NULL,NULL),
	(1065,37,'SARTIYEM ,SH','196411101994022001','III.D',NULL,'1964-11-10','1994-02-01',58,NULL,NULL,NULL,'admin','2022-12-12 19:00:00',NULL,NULL),
	(1066,37,'TIEMAS HARAHAP','196809271994022001','III.C',NULL,'1968-09-27','1994-02-01',58,NULL,NULL,NULL,'admin','2022-12-12 19:00:00',NULL,NULL),
	(1067,37,'SANI.AH, SAP','198207272005022003','III.C',NULL,'1982-07-27','2005-02-01',58,NULL,NULL,NULL,'admin','2022-12-12 19:00:00',NULL,NULL),
	(1068,37,'SUTRISNO ,S.E','197303142009011001','III.C',NULL,'1973-03-14','2009-01-01',58,NULL,NULL,NULL,'admin','2022-12-12 19:00:00',NULL,NULL),
	(1069,37,'YUDISTIRA ,SE','198309152006041004','III.B',NULL,'1983-09-15','2006-04-01',58,NULL,NULL,NULL,'admin','2022-12-12 19:00:00',NULL,NULL),
	(1070,37,'SUYONO, SM','196607102007011029','III.B',NULL,'1966-07-10','2007-01-01',58,NULL,NULL,NULL,'admin','2022-12-12 19:00:00',NULL,NULL),
	(1071,37,'RAHMADI, SM','197406172010011004','III.B',NULL,'1974-06-17','2010-01-01',58,NULL,NULL,NULL,'admin','2022-12-12 19:00:00',NULL,NULL),
	(1072,37,'AFRI.ANTI PANGARIBUAN, S.Kom.','198804282010012022','III.A',NULL,'1988-04-28','2010-01-01',58,NULL,NULL,NULL,'admin','2022-12-12 19:00:00',NULL,NULL),
	(1073,37,'FATMA ERAWATI, SE','197512282010012011','III.A',NULL,'1975-12-28','2010-01-01',58,NULL,NULL,NULL,'admin','2022-12-12 19:00:00',NULL,NULL),
	(1074,37,'PAINEM, SE','198504142010012034','III.A',NULL,'1985-04-14','2010-01-01',58,NULL,NULL,NULL,'admin','2022-12-12 19:00:00',NULL,NULL),
	(1075,37,'RUBI.AH, S.M','197004302009062002','III.A',NULL,'1970-04-30','2009-06-01',58,NULL,NULL,NULL,'admin','2022-12-12 19:00:00',NULL,NULL),
	(1076,37,'UMAR','197312312009061005','II.C',NULL,'1973-12-31','2009-06-01',58,NULL,NULL,NULL,'admin','2022-12-12 19:00:00',NULL,NULL),
	(1077,37,'HERI KURNI.AWAN','197912162010011018','II.C',NULL,'1979-12-16','2010-01-01',58,NULL,NULL,NULL,'admin','2022-12-12 19:00:00',NULL,NULL),
	(1078,37,'MUKHLIS AZWAR BUTAR BUTAR','198110242010011015','II.C',NULL,'1981-10-24','2010-01-01',58,NULL,NULL,NULL,'admin','2022-12-12 19:00:00',NULL,NULL),
	(1079,37,'MHD. YASIN DAULAY, SH','197012312009061018','II.B',NULL,'1970-12-31','2009-06-01',58,NULL,NULL,NULL,'admin','2022-12-12 19:00:00',NULL,NULL),
	(1080,34,'Drs., SAIFUL, M.Si','196510131992031004','IV.A',NULL,'1965-10-13','1992-03-01',58,NULL,NULL,NULL,'admin','2022-12-12 19:00:00',NULL,NULL),
	(1081,34,'K H A I D I R ,SH','196403111986021001','III.D',NULL,'1964-03-11','1986-02-01',58,NULL,NULL,NULL,'admin','2022-12-12 19:00:00',NULL,NULL),
	(1082,34,'RAHMAD KHAIDIR LUBIS, S.STP, M.A.P.','199012232010101002','III.D',NULL,'1990-12-23','2010-10-01',58,NULL,NULL,NULL,'admin','2022-12-12 19:00:00',NULL,NULL),
	(1083,34,'IDAWATI, S.Kep, Ners','196711291990032005','III.D',NULL,'1967-11-29','1990-03-01',58,NULL,NULL,NULL,'admin','2022-12-12 19:00:00',NULL,NULL),
	(1084,34,'NINING ASFI.ARNI TELAUBANUA ,SP','196903251995032001','III.D',NULL,'1969-03-25','1995-03-01',58,NULL,NULL,NULL,'admin','2022-12-12 19:00:00',NULL,NULL),
	(1085,34,'HALIMATUN SADDI.AH, S.Sos, M.Si','196711211993122004','III.D',NULL,'1967-11-21','1993-12-01',58,NULL,NULL,NULL,'admin','2022-12-12 19:00:00',NULL,NULL),
	(1086,34,'ADE KRISTI.AN GINTING ,S.KEL','198405162008041001','III.D',NULL,'1984-05-16','2008-04-01',58,NULL,NULL,NULL,'admin','2022-12-12 19:00:00',NULL,NULL),
	(1087,34,'DEDE PURNAMA, S.Kom., M.T.','198602092009032007','III.D',NULL,'1986-02-09','2009-03-01',58,NULL,NULL,NULL,'admin','2022-12-12 19:00:00',NULL,NULL),
	(1088,34,'RAHMAH FITRI ,SP','197809042011032001','III.D',NULL,'1978-09-04','2011-03-01',58,NULL,NULL,NULL,'admin','2022-12-12 19:00:00',NULL,NULL),
	(1089,34,'WINI ANGGREINI NASUTION ,SE','198112122009032007','III.D',NULL,'1981-12-12','2009-03-01',58,NULL,NULL,NULL,'admin','2022-12-12 19:00:00',NULL,NULL),
	(1090,34,'AGUS S ,S.Pd,M.EP','198308042010011019','III.C',NULL,'1983-08-04','2010-01-01',58,NULL,NULL,NULL,'admin','2022-12-12 19:00:00',NULL,NULL),
	(1091,34,'NASIB','196711271988101001','III.B',NULL,'1967-11-27','1988-10-01',58,NULL,NULL,NULL,'admin','2022-12-12 19:00:00',NULL,NULL),
	(1092,34,'MUHAMMAD NUUR SARAGIH','198811082010011003','III.A',NULL,'1988-11-08','2010-01-01',58,NULL,NULL,NULL,'admin','2022-12-12 19:00:00',NULL,NULL),
	(1093,34,'ISMULYADI','197306062006041012','II.D',NULL,'1973-06-06','2006-04-01',58,NULL,NULL,NULL,'admin','2022-12-12 19:00:00',NULL,NULL),
	(1094,34,'HAMJAH HARAHAP','196803072009061001','II.D',NULL,'1968-03-07','2009-06-01',58,NULL,NULL,NULL,'admin','2022-12-12 19:00:00',NULL,NULL),
	(1095,34,'SAIFUL BAHRI','197007062009061003','II.D',NULL,'1970-07-06','2009-06-01',58,NULL,NULL,NULL,'admin','2022-12-12 19:00:00',NULL,NULL),
	(1096,34,'ELISTON SITINJAK','196710202009061003','II.D',NULL,'1967-10-20','2009-06-01',58,NULL,NULL,NULL,'admin','2022-12-12 19:00:00',NULL,NULL),
	(1097,34,'RATNA SARI','197108262009062001','II.C',NULL,'1971-08-26','2009-06-01',58,NULL,NULL,NULL,'admin','2022-12-12 19:00:00',NULL,NULL),
	(1098,34,'SUHERMAN','196803281987121002','II.B',NULL,'1968-03-28','1987-12-01',58,NULL,NULL,NULL,'admin','2022-12-12 19:00:00',NULL,NULL),
	(1099,34,'ABU BAKAR SAFIRTA','196411112007011022','II.B',NULL,'1964-11-11','2007-01-01',58,NULL,NULL,NULL,'admin','2022-12-12 19:00:00',NULL,NULL),
	(1100,34,'SEREPINA PANGGABEAN','198210202010012032','II.B',NULL,'1982-10-20','2010-01-01',58,NULL,NULL,NULL,'admin','2022-12-12 19:00:00',NULL,NULL),
	(1101,34,'SITI AISYAH LUBIS','198312152014062004','II.B',NULL,'1983-12-15','2014-06-01',58,NULL,NULL,NULL,'admin','2022-12-12 19:00:00',NULL,NULL),
	(1102,34,'JAKA.S. INDRA PERMANA TANJUNG','199208252011011001','II.B',NULL,'1992-08-25','2011-01-01',58,NULL,NULL,NULL,'admin','2022-12-12 19:00:00',NULL,NULL),
	(1103,35,'TUMPAK SARAGI, S.Sos, M.Si','197201051994021001','IV.B',NULL,'1972-01-05','1994-02-01',58,NULL,NULL,NULL,'admin','2022-12-12 19:00:00',NULL,NULL),
	(1104,35,'JONNIS MARPAUNG, S.Pd','197104211994031001','IV.B',NULL,'1971-04-21','1994-03-01',58,NULL,NULL,NULL,'admin','2022-12-12 19:00:00',NULL,NULL),
	(1105,35,'SAZLY ,SH','196404271986021001','IV.A',NULL,'1964-04-27','1986-02-01',58,NULL,NULL,NULL,'admin','2022-12-12 19:00:00',NULL,NULL),
	(1106,35,'NGADIRUN, SE','196406181995061001','III.D',NULL,'1964-06-18','1995-06-01',58,NULL,NULL,NULL,'admin','2022-12-12 19:00:00',NULL,NULL),
	(1107,35,'NURHAIDA TAMBUNAN ,A.Ma.Pd','196605251988072001','III.D',NULL,'1966-05-25','1988-07-01',58,NULL,NULL,NULL,'admin','2022-12-12 19:00:00',NULL,NULL),
	(1108,35,'BEBY ARDI.ANTI ARITONANG ,SH','197006212003122007','III.D',NULL,'1970-06-21','2003-12-01',58,NULL,NULL,NULL,'admin','2022-12-12 19:00:00',NULL,NULL),
	(1109,35,'LASMI TUMORANG SARAGIH','197004201991032005','III.D',NULL,'1970-04-20','1991-03-01',58,NULL,NULL,NULL,'admin','2022-12-12 19:00:00',NULL,NULL),
	(1110,35,'SYAFRUDDIN TASLIM ,SE','198001112010011019','III.D',NULL,'1980-01-11','2010-01-01',58,NULL,NULL,NULL,'admin','2022-12-12 19:00:00',NULL,NULL),
	(1111,35,'SARWONO','198009062010011017','III.C',NULL,'1980-09-06','2010-01-01',58,NULL,NULL,NULL,'admin','2022-12-12 19:00:00',NULL,NULL),
	(1112,35,'SRI DI.AN RAHMADANI','198107242009032008','III.C',NULL,'1981-07-24','2009-03-01',58,NULL,NULL,NULL,'admin','2022-12-12 19:00:00',NULL,NULL),
	(1113,35,'KURNI.ASIH ARFAH ,SE','197811272006042004','III.C',NULL,'1978-11-27','2006-04-01',58,NULL,NULL,NULL,'admin','2022-12-12 19:00:00',NULL,NULL),
	(1114,35,'RAMADHAYANTI','198206242006042024','III.C',NULL,'1982-06-24','2006-04-01',58,NULL,NULL,NULL,'admin','2022-12-12 19:00:00',NULL,NULL),
	(1115,35,'PIO TIROI, S.IP','198605262005022002','III.B',NULL,'1986-05-26','2005-02-01',58,NULL,NULL,NULL,'admin','2022-12-12 19:00:00',NULL,NULL),
	(1116,35,'ASTRY SYAHFITRY, SE','198806172010012015','III.B',NULL,'1988-06-17','2010-01-01',58,NULL,NULL,NULL,'admin','2022-12-12 19:00:00',NULL,NULL),
	(1117,35,'SRI WAHYUNI PURBA. SST','198501252010012034','III.B',NULL,'1985-01-25','2010-01-01',58,NULL,NULL,NULL,'admin','2022-12-12 19:00:00',NULL,NULL),
	(1118,35,'HEFNI HANDAYANI ,AM.Keb','198004082010012019','III.B',NULL,'1980-04-08','2010-01-01',58,NULL,NULL,NULL,'admin','2022-12-12 19:00:00',NULL,NULL),
	(1119,35,'KARMILA PERANGIN ANGIN','197906102008012006','III.A',NULL,'1979-06-10','2008-01-01',58,NULL,NULL,NULL,'admin','2022-12-12 19:00:00',NULL,NULL),
	(1120,35,'MISNAN','196703172007011017','II.D',NULL,'1967-03-17','2007-01-01',58,NULL,NULL,NULL,'admin','2022-12-12 19:00:00',NULL,NULL),
	(1121,35,'ERI.ANDI','198011042009061002','II.C',NULL,'1980-11-04','2009-06-01',58,NULL,NULL,NULL,'admin','2022-12-12 19:00:00',NULL,NULL),
	(1122,35,'RUSLI EFENDI','196812032009061003','II.C',NULL,'1968-12-03','2009-06-01',58,NULL,NULL,NULL,'admin','2022-12-12 19:00:00',NULL,NULL),
	(1123,35,'BASRAH','196602252007011019','II.C',NULL,'1966-02-25','2007-01-01',58,NULL,NULL,NULL,'admin','2022-12-12 19:00:00',NULL,NULL),
	(1124,35,'RAMLI','197208282007011025','II.C',NULL,'1972-08-28','2007-01-01',58,NULL,NULL,NULL,'admin','2022-12-12 19:00:00',NULL,NULL),
	(1125,35,'MULLOP TAMPUBOLON','196903021990031004','II.B',NULL,'1969-03-02','1990-03-01',58,NULL,NULL,NULL,'admin','2022-12-12 19:00:00',NULL,NULL),
	(1126,35,'TOVO RUSADI','198906012011011004','II.B',NULL,'1989-06-01','2011-01-01',58,NULL,NULL,NULL,'admin','2022-12-12 19:00:00',NULL,NULL),
	(1127,42,'WANDI ,S.E','196504151987121003','IV.A',NULL,'1965-04-15','1987-12-01',58,NULL,NULL,NULL,'admin','2022-12-12 19:00:00',NULL,NULL),
	(1128,42,'RAZALI HUSIN.','196410231986021002','IV.A',NULL,'1964-10-23','1986-02-01',58,NULL,NULL,NULL,'admin','2022-12-12 19:00:00',NULL,NULL),
	(1129,42,'KAIMAH ,SH.','196708062008012002','III.D',NULL,'1967-08-06','2008-01-01',58,NULL,NULL,NULL,'admin','2022-12-12 19:00:00',NULL,NULL),
	(1130,42,'DARWIN, S.Pd','196509131987121002','III.D',NULL,'1965-09-13','1987-12-01',58,NULL,NULL,NULL,'admin','2022-12-12 19:00:00',NULL,NULL),
	(1131,42,'MHD. IQBAL, SE','197603302010011004','III.D',NULL,'1976-03-30','2010-01-01',58,NULL,NULL,NULL,'admin','2022-12-12 19:00:00',NULL,NULL),
	(1132,42,'SWARDI, S.Pd','198302072011011011','III.C',NULL,'1983-02-07','2011-01-01',58,NULL,NULL,NULL,'admin','2022-12-12 19:00:00',NULL,NULL),
	(1133,42,'MAINI MALINI ,SE','198408302006042003','III.C',NULL,'1984-08-30','2006-04-01',58,NULL,NULL,NULL,'admin','2022-12-12 19:00:00',NULL,NULL),
	(1134,42,'FADILLAH ASTRI, SE','198610152010012025','III.B',NULL,'1986-10-15','2010-01-01',58,NULL,NULL,NULL,'admin','2022-12-12 19:00:00',NULL,NULL),
	(1135,42,'HAIRANI','198806062010012020','III.B',NULL,'1988-06-06','2010-01-01',58,NULL,NULL,NULL,'admin','2022-12-12 19:00:00',NULL,NULL),
	(1136,42,'MAWAR PUTRIYANTI ,SE','198403022010012031','III.B',NULL,'1984-03-02','2010-01-01',58,NULL,NULL,NULL,'admin','2022-12-12 19:00:00',NULL,NULL),
	(1137,42,'YUNI AISYAH ,S.Sos','198005152010012026','III.B',NULL,'1980-05-15','2010-01-01',58,NULL,NULL,NULL,'admin','2022-12-12 19:00:00',NULL,NULL),
	(1138,42,'SUTI.AN','197612072007011009','II.D',NULL,'1976-12-07','2007-01-01',58,NULL,NULL,NULL,'admin','2022-12-12 19:00:00',NULL,NULL),
	(1139,42,'LEONARDO SI.AGI.AN.','196608092007011028','II.D',NULL,'1966-08-09','2007-01-01',58,NULL,NULL,NULL,'admin','2022-12-12 19:00:00',NULL,NULL),
	(1140,33,'JUNAIDI, SH','196706101988031003','IV.B',NULL,'1967-06-10','1988-03-01',58,NULL,NULL,NULL,'admin','2022-12-12 19:00:00',NULL,NULL),
	(1141,33,'Dra., WILDA MYZA GUSTI.A','196903161990032004','IV.B',NULL,'1969-03-16','1990-03-01',58,NULL,NULL,NULL,'admin','2022-12-12 19:00:00',NULL,NULL),
	(1142,33,'Dra. YUSNANI SYAM LUBIS, M.Si','196601241992032004','IV.B',NULL,'1966-01-24','1992-03-01',58,NULL,NULL,NULL,'admin','2022-12-12 19:00:00',NULL,NULL),
	(1143,33,'SALBI.AH ,SH','196703061990032003','III.D',NULL,'1967-03-06','1990-03-01',58,NULL,NULL,NULL,'admin','2022-12-12 19:00:00',NULL,NULL),
	(1144,33,'TUTI','196607041986022001','III.C',NULL,'1966-07-04','1986-02-01',58,NULL,NULL,NULL,'admin','2022-12-12 19:00:00',NULL,NULL),
	(1145,33,'ISNA ALI.AH NASUTION, SH','198406092010012037','III.B',NULL,'1984-06-09','2010-01-01',58,NULL,NULL,NULL,'admin','2022-12-12 19:00:00',NULL,NULL),
	(1146,33,'IDA LISMASARI ,S.Sos','196810232014062002','III.B',NULL,'1968-10-23','2014-06-01',58,NULL,NULL,NULL,'admin','2022-12-12 19:00:00',NULL,NULL),
	(1147,33,'HASAN BASRI','196512271985031002','II.D',NULL,'1965-12-27','1985-03-01',58,NULL,NULL,NULL,'admin','2022-12-12 19:00:00',NULL,NULL),
	(1148,33,'MANSYUR','196809042009061001','II.D',NULL,'1968-09-04','2009-06-01',58,NULL,NULL,NULL,'admin','2022-12-12 19:00:00',NULL,NULL),
	(1149,33,'PAHRUL ROZI','196612312009061008','II.D',NULL,'1966-12-31','2009-06-01',58,NULL,NULL,NULL,'admin','2022-12-12 19:00:00',NULL,NULL),
	(1150,33,'SUGI.ANTO','196409171989121001','II.C',NULL,'1964-09-17','1989-12-01',58,NULL,NULL,NULL,'admin','2022-12-12 19:00:00',NULL,NULL),
	(1151,33,'FADILLAH MARPAUNG','198403122014062002','II.B',NULL,'1984-03-12','2014-06-01',58,NULL,NULL,NULL,'admin','2022-12-12 19:00:00',NULL,NULL),
	(1152,39,'BASRAH, S.Pd, M.Si','196705011987121001','IV.B',NULL,'1967-05-01','1987-12-01',58,NULL,NULL,NULL,'admin','2022-12-12 19:00:00',NULL,NULL),
	(1153,39,'EFRI.ANIS,SH','196405221990031004','IV.B',NULL,'1964-05-22','1990-03-01',58,NULL,NULL,NULL,'admin','2022-12-12 19:00:00',NULL,NULL),
	(1154,39,'NOVA FESTA SUSANTI,SH','196411011986032004','IV.A',NULL,'1964-11-01','1986-03-01',58,NULL,NULL,NULL,'admin','2022-12-12 19:00:00',NULL,NULL),
	(1155,39,'WAHIDIN KAMAL, ST','197409252010011002','III.D',NULL,'1974-09-25','2010-01-01',58,NULL,NULL,NULL,'admin','2022-12-12 19:00:00',NULL,NULL),
	(1156,39,'LASMARI.A SARAGI ,SE','198110142009032003','III.B',NULL,'1981-10-14','2009-03-01',58,NULL,NULL,NULL,'admin','2022-12-12 19:00:00',NULL,NULL),
	(1157,39,'JUNI.ARTI ,SE','197503152010012003','III.B',NULL,'1975-03-15','2010-01-01',58,NULL,NULL,NULL,'admin','2022-12-12 19:00:00',NULL,NULL),
	(1158,39,'JUWAHIR ,SE','196911062009061004','III.B',NULL,'1969-11-06','2009-06-01',58,NULL,NULL,NULL,'admin','2022-12-12 19:00:00',NULL,NULL),
	(1159,39,'SURAMIN ,SE','197110262009061002','III.B',NULL,'1971-10-26','2009-06-01',58,NULL,NULL,NULL,'admin','2022-12-12 19:00:00',NULL,NULL),
	(1160,39,'ROBY GUNAWAN WIBISONO, S.STP','199204172017081001','III.A',NULL,'1992-04-17','2017-08-01',58,NULL,NULL,NULL,'admin','2022-12-12 19:00:00',NULL,NULL),
	(1161,39,'FERNANDO MELKY MANURUNG','198009272010011016','III.A',NULL,'1980-09-27','2010-01-01',58,NULL,NULL,NULL,'admin','2022-12-12 19:00:00',NULL,NULL);

/*!40000 ALTER TABLE `mpegawai` ENABLE KEYS */;
UNLOCK TABLES;


# Dump of table mskpd
# ------------------------------------------------------------

DROP TABLE IF EXISTS `mskpd`;

CREATE TABLE `mskpd` (
  `SkpdId` bigint(20) unsigned NOT NULL AUTO_INCREMENT,
  `SkpdNama` text,
  `SkpdNamaPimpinan` varchar(200) DEFAULT NULL,
  `SkpdNamaJabatan` varchar(200) DEFAULT NULL,
  `SkpdKop` text,
  `SkpdIsAktif` tinyint(1) NOT NULL DEFAULT '1',
  `CreatedBy` varchar(200) NOT NULL DEFAULT '',
  `CreatedOn` datetime NOT NULL,
  `UpdatedBy` varchar(200) DEFAULT NULL,
  `UpdatedOn` datetime DEFAULT NULL,
  PRIMARY KEY (`SkpdId`)
) ENGINE=InnoDB DEFAULT CHARSET=latin1 ROW_FORMAT=DYNAMIC;

LOCK TABLES `mskpd` WRITE;
/*!40000 ALTER TABLE `mskpd` DISABLE KEYS */;

INSERT INTO `mskpd` (`SkpdId`, `SkpdNama`, `SkpdNamaPimpinan`, `SkpdNamaJabatan`, `SkpdKop`, `SkpdIsAktif`, `CreatedBy`, `CreatedOn`, `UpdatedBy`, `UpdatedOn`)
VALUES
	(1,'DINAS PENDIDIKAN','ILYAS SITORUS, M.Pd','KEPALA DINAS PENDIDIKAN','Jln.Besar Perupuk Dusun v Desa Perupuk Kecamatan Lima Puluh Pesisir',1,'admin','2021-11-26 12:12:12',NULL,NULL),
	(2,'DINAS KESEHATAN, PENGENDALIAN PENDUDUK DAN KELUARGA BERENCANA ','drg. Wahid Khusyairi M.M','Kepala Dinas kesehatan, Pengendalian Penduduk dan Keluarga Berencana','Jl. Perintis Kemerdekaan No 49, Lima Puluh',1,'admin','2021-11-26 12:12:12',NULL,NULL),
	(3,'DINAS PEKERJAAN UMUM DAN TATA RUANG','Ir. KHAIRUL ANWAR, M. Si','KEPALA DINAS PEKERJAAN UMUM DAN TATA RUANG','Jln. Lintas Gambus Laut Desa Gambus Laut Kecamatan Lima Puluh Pesisir Kabupaten Batu Bara\nKode Pos 21255',1,'admin','2021-11-26 12:12:12',NULL,NULL),
	(4,'DINAS PERUMAHAN, KAWASAN PERMUKIMAN DAN LINGKUNGAN HIDUP','NORMA DELI SIREGAR, SE. MM','KEPALA DINAS PERUMAHAN, KAWASAN PERMUKIMAN DAN LINGKUNGAN HIDUP','Jalan.  Besar Simpang Dolok, Desa Simpang Dolok Kecamatan Datuk Lima Puluh - 21255',1,'admin','2021-11-26 12:12:12',NULL,NULL),
	(5,'BADAN PENANGGULANGAN BENCANA DAERAH','MUHAMMAD SABAN EFENDI HARAHAP, SE','Kepala Badan Penanggulangan Bencana Daerah','Jln. Lintas  Desa Perupuk Kecamatan Lima Puluh Pesisir',1,'admin','2021-11-26 12:12:12',NULL,NULL),
	(6,'SATUAN POLISI PAMONG PRAJA','Drs. Abdul Rahman Hadi','Kepala Satuan Polisi Pamong Praja','Jl. Inpres LK. II Limapuluh Kota',1,'admin','2021-11-26 12:12:12',NULL,NULL),
	(7,'BADAN KESATUAN BANGSA DAN POLITIK','AZWAR, SP','KEPALA BADAN','Jln. Besar Lima Puluh Simpang Dolok Km. 8 Pulau Sejuk\nKecamatan Datuk Lima Puluh 21255',1,'admin','2021-11-26 12:12:12',NULL,NULL),
	(8,'DINAS SOSIAL, PEMBERDAYAAN PEREMPUAN DAN PERLINDUNGAN ANAK','RIYADI, S.Pd, M.Pd','KEPALA DINAS ','JL. BESAR PERUPUK, DUSUN V, DESA PERUPUK, KEC. LIMA PULUH PESISIR',1,'admin','2021-11-26 12:12:12',NULL,NULL),
	(9,'DINAS KETENAGAKERJAAN, PERINDUSTRIAN DAN PERDAGANGAN','BUHARI IMRAN, S.S, M.Si','KEPALA DINAS','JLN. IMAM BONJOL NO. 11 LABUHAN RUKU KEC. TALAWI ',1,'admin','2021-11-26 12:12:12',NULL,NULL),
	(11,'DINAS KEPENDUDUKAN DAN PENCATATAN SIPIL','MAEDA SOETOPO,S.STP.,MSP','Kepala Dinas Kependudukan dan Pencatatan Sipil','Jl. Lintas Sumatera Desa tanah Merah Kec. Air Putih Kab. Batu bara',1,'admin','2021-11-26 12:12:12',NULL,NULL),
	(12,'DINAS PEMBERDAYAAN MASYARAKAT DAN DESA','RADYANSYAH F. LUBIS, S.Sos','KEPALA DINAS','JL. JENDERAL SUDIRMAN DUSUN ASOKA DESA SIPARE-PARE KECAMATAN AIR PUTIH',1,'admin','2021-11-26 12:12:12',NULL,NULL),
	(14,'DINAS PERHUBUNGAN','JONNIS MARPAUNG, S.Pd','KEPALA DINAS','JALAN LINTAS SUMATERA DUSUN I DESA KARANG BARU KECAMATAN DATUK TANAH DATAR KEBUPATEN BATU BARA',1,'admin','2021-11-26 12:12:12',NULL,NULL),
	(15,'DINAS KOMUNIKASI DAN INFORMATIKA','EDWIN ALDRIN SITORUS, S.Sos, S.E., M.Si','KEPALA DINAS','Jl. Jenderal Sudirman No. 77A Kel. Indrasakti, Kec. Air Putih Kode Pos 21256. Email: diskominfo@batubarakab.go.id. Website: www.diskominfo.batubarakab.go.id\n\n',1,'admin','2021-11-26 12:12:12',NULL,NULL),
	(16,'DINAS KOPERASI DAN USAHA KECIL DAN MENENGAH','ARIF HANAFIAH, S.STP','KEPALA DINAS','JL. JEND SUDIRMAN,  KEL. INDRASAKTI, KEC. AIR PUTIH, KABUPATEN BATUBARA',1,'admin','2021-11-26 12:12:12',NULL,NULL),
	(17,'DINAS PENANAMAN MODAL DAN PELAYANAN PERIZINAN TERPADU SATU PINTU','ROSDIANA DAMANIK, SE. MM','KEPALA DINAS','Jln. Perintis Kemerdekaan No. 54 A Kec. Lima Puluh Kota Kab. Batu Bara',1,'admin','2021-11-26 12:12:12',NULL,NULL),
	(18,'DINAS PEMUDA, OLAHRAGA, KEBUDAYAAN DAN PARIWISATA','Drs. SAPRI, MM','Kepala Dinas','Jln. Besar Perupuk Desa Perupuk Kecamatan Lima Puluh Pesisir - 21655',1,'admin','2021-11-26 12:12:12',NULL,NULL),
	(19,'DINAS PERPUSTAKAAN','Elpandi, S.Ag','Plt. Kepala Dinas Perpustakaan','Jalan Protokol Dusun IV Desa Pahang Kecamatan Talawi Kode Pos 21254',1,'admin','2021-11-26 12:12:12',NULL,NULL),
	(20,'DINAS PERIKANAN DAN PETERNAKAN','ANTONI RITONGA, SP.','KEPALA','Jalan Lintas Perupuk Desa Perupuk, Kec. Lima Puluh Pesisir ',1,'admin','2021-11-26 12:12:12',NULL,NULL),
	(21,'DINAS PERTANIAN DAN PERKEBUNAN','MUHAMMAD RIDWAN, SP., M.Agric, SC','KEPALA DINAS PERTANIAN DAN PERKEBUNAN','Jl. H. Barus Siregar Desa Tanjung Mulia Kecamatan Air Putih 21256',1,'admin','2021-11-26 12:12:12',NULL,NULL),
	(24,'SEKRETARIAT DAERAH KABUPATEN','H. Sakti Alam Siregar, SH','Sekretaris Daerah','Jln. PERINTIS KEMERDEKAAN NO. 164  TELP. (0622) - 96782 LIMA PULUH ? 21255',1,'admin','2021-11-26 12:12:12',NULL,NULL),
	(25,'SEKRETARIAT DPRD','AGUS ANDIKA.S.Sos.,M.Si','SEKRETARIS DPRD ','Jalan  Perintis Kemerdekaan  NO.53 Kecamatan Lima Puluh',1,'admin','2021-11-26 12:12:12',NULL,NULL),
	(26,'BADAN PERENCANAAN PEMBANGUNAN DAN PENELITIAN PENGEMBANGAN DAERAH','H. ABDU ZAHRUL, S.Sos, M.Si','KEPALA BADAN','Jalan Lintas Desa Simpang Dolok Kecamatan Datuk Lima Puluh - 21225',1,'admin','2021-11-26 12:12:12',NULL,NULL),
	(27,'BADAN PENDAPATAN DAERAH','RIJALI S.Pd','KEPALA BADAN PENDAPATAN DAERAH','Jl. Lintas Sumatera KM.110 Desa Pematang Panjang Kecamtan Air Putih Kabupten Batu Bara',1,'admin','2021-11-26 12:12:12',NULL,NULL),
	(28,'BADAN KEUANGAN DAN ASET DAERAH','Dr. Ir. H. Hakim, M.Si.','Kepala Badan Keuangan dan Aset Daerah','Jalan Lintas Sumatera Utara KM 110. Kecamatan Air Putih Kabupaten Batu Bara',1,'admin','2021-11-26 12:12:12',NULL,NULL),
	(29,'BADAN KEPEGAWAIAN DAN PENGEMBANGAN SUMBER DAYA MANUSIA','MHD. DAUD, S.Pd, SH, MM','KEPALA BADAN','Jl. Imam Bonjol Kel. Labuhan Ruku Kec. Talawi',1,'admin','2021-11-26 12:12:12',NULL,NULL),
	(30,'INSPEKTORAT DAERAH','H.ATTARUDDIN, S.Pd., M.M','Inspektur','Mangkai Baru Kec.Lima Puluh Batu Bara Kode Pos 212555',1,'admin','2021-11-26 12:12:12',NULL,NULL),
	(31,'KECAMATAN LIMA PULUH','ADRI AULIA HARAHAP, S.STP','CAMAT LIMA PULUH','Jalan : Pelajar Kelurahan Lima Puluh Kota Kec. LIma Puluh',1,'admin','2021-11-26 12:12:12',NULL,NULL),
	(32,'KECAMATAN TALAWI','EFENDI,S.T','CAMAT TALAWI','Jl.Imam Bonjol No.113 Labuhan Ruku Kode Pos 21254',1,'admin','2021-11-26 12:12:12',NULL,NULL),
	(33,'KECAMATAN TANJUNG TIRAM','JUNAIDI, SH','CAMAT','JL. PENDIDIKAN DUSUN XI DESA SUKA MAJU KECAMATAN TANJUNG TIRAM',1,'admin','2021-11-26 12:12:12',NULL,NULL),
	(34,'KECAMATAN AIR PUTIH','RAHMAD KHAIDIR LUBIS, S.STP. M.AP.','CAMAT AIR PUTIH','Jln Jendral Sudirman No.77 Indrapura Kecamatan Air Putih Kabupaten Batu Bara',1,'admin','2021-11-26 12:12:12',NULL,NULL),
	(35,'KECAMATAN SEI SUKA','TUMPAK SARAGI, S.SOS,M.Si','CAMAT','Jl. Access Road Inalum No.1 Perk. Sipare Pare ',1,'admin','2021-11-26 12:12:12',NULL,NULL),
	(36,'KECAMATAN MEDANG DERAS','SYAHRIZAL, SH','CAMAT MEDANG DERAS','JLN. JENDERAL SUDIRMAN KELURAHAN PANGAKALAN DODEK BARU',1,'admin','2021-11-26 12:12:12',NULL,NULL),
	(37,'KECAMATAN SEI BALAI','WALI WALA AZAHARI SAGALA, S.Pd','CAMAT SEI BALAI','JLN. SOEJONO HUMARDANI (JALINSUM) DESA PERJUANGAN KODE POS 21252',1,'admin','2021-11-26 12:12:12',NULL,NULL),
	(38,'KECAMATAN LIMA PULUH PESISIR','ROZALI, S.Pd, M.Pd','CAMAT LIMA PULUH PESISIR','Jl. Besar Desa Perupuk, Kec Lima Puluh Pesisir, Kab. Batu Bara Kode Pos 21255',1,'admin','2021-11-26 12:12:12',NULL,NULL),
	(39,'KECAMATAN DATUK LIMA PULUH','ZAMZAMY ELWADIIP, S.IP, M,Si','CAMAT DATUK LIMA PULUH','JL. Besar Lima Puluh Simp. Dolok KM. 8 Pulau Sejuk No. 7',1,'admin','2021-11-26 12:12:12',NULL,NULL),
	(40,'KECAMATAN DATUK TANAH DATAR','MULIADI, S.E','CAMAT DATUK TANAH DATAR','Jln.Lintas Sumatera Desa Karang Baru Kode Pos 21254',1,'admin','2021-11-26 12:12:12',NULL,NULL),
	(41,'KECAMATAN NIBUNG HANGUS','SUKANDAR. S.Sos','CAMAT NIBUNG HANGUS','Jln. Manunggal V  No 100 Ujung Kubu Kota Kode Pos 21253',1,'admin','2021-11-26 12:12:12',NULL,NULL),
	(42,'KECAMATAN LAUT TADOR','WANDI, S.E.','CAMAT LAUT TADOR','Jalan Arjo Utomo Dusun I Kelapa Desa Pelanggiran Laut Tador',1,'admin','2021-11-26 12:12:12',NULL,NULL),
	(43,'RUMAH SAKIT UMUM DAERAH','RUMAH SAKIT UMUM DAERAH',NULL,NULL,1,'admin','2022-12-15 22:05:10',NULL,NULL);

/*!40000 ALTER TABLE `mskpd` ENABLE KEYS */;
UNLOCK TABLES;


# Dump of table tdoclogs
# ------------------------------------------------------------

DROP TABLE IF EXISTS `tdoclogs`;

CREATE TABLE `tdoclogs` (
  `Uniq` bigint(10) unsigned NOT NULL AUTO_INCREMENT,
  `DocID` bigint(10) unsigned NOT NULL,
  `LogRemarks` text,
  `LogTimestamp` datetime DEFAULT NULL,
  `LogFile` varchar(200) DEFAULT NULL,
  `LogBy` varchar(50) DEFAULT NULL,
  PRIMARY KEY (`Uniq`),
  KEY `FK_LOG_DOC` (`DocID`),
  CONSTRAINT `FK_LOG_DOC` FOREIGN KEY (`DocID`) REFERENCES `tdocs` (`DocID`) ON DELETE CASCADE ON UPDATE CASCADE
) ENGINE=InnoDB DEFAULT CHARSET=latin1;



# Dump of table tdocs
# ------------------------------------------------------------

DROP TABLE IF EXISTS `tdocs`;

CREATE TABLE `tdocs` (
  `IdSkpd` bigint(20) unsigned NOT NULL,
  `DocID` bigint(20) unsigned NOT NULL AUTO_INCREMENT,
  `DocName` text NOT NULL,
  `DocRemarks` text,
  `DocNomor` varchar(200) DEFAULT NULL,
  `DocTahun` int(11) DEFAULT NULL,
  `DocURL` text NOT NULL,
  `DocType` enum('rka','lainnya') DEFAULT NULL,
  `DocStatus` enum('SUBMITTED','VERIFIED') DEFAULT NULL,
  `CreatedBy` varchar(50) NOT NULL DEFAULT '',
  `CreatedOn` datetime NOT NULL,
  `UpdatedBy` varchar(50) DEFAULT NULL,
  `UpdatedOn` datetime DEFAULT NULL,
  `VerifiedBy` varchar(50) DEFAULT NULL,
  `VerifiedOn` datetime DEFAULT NULL,
  `IsVerifKesesuaian` tinyint(1) NOT NULL DEFAULT '0',
  `IsVerifKode` tinyint(1) NOT NULL DEFAULT '0',
  `IsVerifKelengkapan` tinyint(1) NOT NULL DEFAULT '0',
  `VerifiedRemarks` text,
  PRIMARY KEY (`DocID`) USING BTREE
) ENGINE=InnoDB DEFAULT CHARSET=latin1 ROW_FORMAT=DYNAMIC;



# Dump of table tkas
# ------------------------------------------------------------

DROP TABLE IF EXISTS `tkas`;

CREATE TABLE `tkas` (
  `Uniq` bigint(10) unsigned NOT NULL AUTO_INCREMENT,
  `IdSkpd` bigint(10) unsigned DEFAULT NULL,
  `IdPegawai` bigint(10) unsigned DEFAULT NULL,
  `KasTanggal` date NOT NULL,
  `KasTipe` enum('MASUK','KELUAR') NOT NULL DEFAULT 'MASUK',
  `KasKategori` varchar(50) DEFAULT NULL,
  `KasJumlah` double NOT NULL,
  `KasKeterangan` text,
  `KasFile` text,
  `IsVerified` tinyint(1) NOT NULL DEFAULT '0',
  `CreatedBy` varchar(50) NOT NULL DEFAULT '',
  `CreatedOn` datetime NOT NULL,
  `UpdatedBy` varchar(50) DEFAULT NULL,
  `UpdatedOn` datetime DEFAULT NULL,
  PRIMARY KEY (`Uniq`)
) ENGINE=InnoDB DEFAULT CHARSET=latin1;

LOCK TABLES `tkas` WRITE;
/*!40000 ALTER TABLE `tkas` DISABLE KEYS */;

INSERT INTO `tkas` (`Uniq`, `IdSkpd`, `IdPegawai`, `KasTanggal`, `KasTipe`, `KasKategori`, `KasJumlah`, `KasKeterangan`, `KasFile`, `IsVerified`, `CreatedBy`, `CreatedOn`, `UpdatedBy`, `UpdatedOn`)
VALUES
	(9,29,NULL,'2022-12-01','MASUK','IURAN',875000,'IURAN DESEMBER 2022',NULL,1,'bkpsdm','2022-12-15 22:48:00','admin','2022-12-15 22:50:01'),
	(10,29,124,'2022-12-15','KELUAR','PNS Pensiun',-2000000,'TESTING',NULL,1,'bkpsdm','2022-12-15 22:49:00','admin','2022-12-15 22:50:06'),
	(11,29,NULL,'2022-11-01','MASUK','IURAN',875000,'IURAN NOVEMBER 2022',NULL,1,'bkpsdm','2022-12-15 22:50:00','admin','2022-12-15 22:51:32'),
	(12,29,NULL,'2022-10-01','MASUK','IURAN',875000,'IURAN OKTOBER 2022',NULL,1,'bkpsdm','2022-12-15 22:51:00','admin','2022-12-15 22:51:34');

/*!40000 ALTER TABLE `tkas` ENABLE KEYS */;
UNLOCK TABLES;



/*!40111 SET SQL_NOTES=@OLD_SQL_NOTES */;
/*!40101 SET SQL_MODE=@OLD_SQL_MODE */;
/*!40014 SET FOREIGN_KEY_CHECKS=@OLD_FOREIGN_KEY_CHECKS */;
/*!40101 SET CHARACTER_SET_CLIENT=@OLD_CHARACTER_SET_CLIENT */;
/*!40101 SET CHARACTER_SET_RESULTS=@OLD_CHARACTER_SET_RESULTS */;
/*!40101 SET COLLATION_CONNECTION=@OLD_COLLATION_CONNECTION */;
